"refStructureName","companyName","fieldName","sectorName","plantRow","detectedValueTypeId","timestamp","value"
"ZESPRI","AZ. AGR. DALLE FABBRICHE ANDREA","Fondo Errano 2024","T1","T1 basso","PLUV_CURR",1714089600,0
"ZESPRI","AZ. AGR. DALLE FABBRICHE ANDREA","Fondo Errano 2024","T0","T0","PLUV_CURR",1714089600,0
"ZESPRI","AZ. AGR. DALLE FABBRICHE ANDREA","Fondo Errano 2024","T1","T1 basso","DRIPPER",1714089600,0
"ZESPRI","AZ. AGR. DALLE FABBRICHE ANDREA","Fondo Errano 2024","T0","T0","DRIPPER",1714089600,0
"ZESPRI","AZ. AGR. DALLE FABBRICHE ANDREA","Fondo Errano 2024","T1","T1 basso","PLUV_CURR",1714176000,0.2
"ZESPRI","AZ. AGR. DALLE FABBRICHE ANDREA","Fondo Errano 2024","T0","T0","PLUV_CURR",1714176000,0.2
"ZESPRI","AZ. AGR. DALLE FABBRICHE ANDREA","Fondo Errano 2024","T1","T1 basso","DRIPPER",1714176000,0
"ZESPRI","AZ. AGR. DALLE FABBRICHE ANDREA","Fondo Errano 2024","T0","T0","DRIPPER",1714176000,0
"ZESPRI","AZ. AGR. DALLE FABBRICHE ANDREA","Fondo Errano 2024","T0","T0","DRIPPER",1714262400,0
"ZESPRI","AZ. AGR. DALLE FABBRICHE ANDREA","Fondo Errano 2024","T1","T1 basso","DRIPPER",1714262400,0
"ZESPRI","AZ. AGR. DALLE FABBRICHE ANDREA","Fondo Errano 2024","T0","T0","PLUV_CURR",1714262400,0
"ZESPRI","AZ. AGR. DALLE FABBRICHE ANDREA","Fondo Errano 2024","T1","T1 basso","PLUV_CURR",1714262400,0
"ZESPRI","AZ. AGR. DALLE FABBRICHE ANDREA","Fondo Errano 2024","T1","T1 basso","PLUV_CURR",1714348800,0
"ZESPRI","AZ. AGR. DALLE FABBRICHE ANDREA","Fondo Errano 2024","T0","T0","DRIPPER",1714348800,5.2584
"ZESPRI","AZ. AGR. DALLE FABBRICHE ANDREA","Fondo Errano 2024","T0","T0","PLUV_CURR",1714348800,0
"ZESPRI","AZ. AGR. DALLE FABBRICHE ANDREA","Fondo Errano 2024","T1","T1 basso","DRIPPER",1714348800,5.8222
"ZESPRI","AZ. AGR. DALLE FABBRICHE ANDREA","Fondo Errano 2024","T1","T1 basso","DRIPPER",1714435200,7.5766
"ZESPRI","AZ. AGR. DALLE FABBRICHE ANDREA","Fondo Errano 2024","T0","T0","PLUV_CURR",1714435200,0
"ZESPRI","AZ. AGR. DALLE FABBRICHE ANDREA","Fondo Errano 2024","T1","T1 basso","PLUV_CURR",1714435200,0
"ZESPRI","AZ. AGR. DALLE FABBRICHE ANDREA","Fondo Errano 2024","T0","T0","DRIPPER",1714435200,6.1908
"ZESPRI","AZ. AGR. DALLE FABBRICHE ANDREA","Fondo Errano 2024","T1","T1 basso","DRIPPER",1714521600,0.0086
"ZESPRI","AZ. AGR. DALLE FABBRICHE ANDREA","Fondo Errano 2024","T1","T1 basso","PLUV_CURR",1714521600,14
"ZESPRI","AZ. AGR. DALLE FABBRICHE ANDREA","Fondo Errano 2024","T0","T0","DRIPPER",1714521600,0
"ZESPRI","AZ. AGR. DALLE FABBRICHE ANDREA","Fondo Errano 2024","T0","T0","PLUV_CURR",1714521600,14
"ZESPRI","AZ. AGR. DALLE FABBRICHE ANDREA","Fondo Errano 2024","T1","T1 basso","DRIPPER",1714608000,0
"ZESPRI","AZ. AGR. DALLE FABBRICHE ANDREA","Fondo Errano 2024","T0","T0","PLUV_CURR",1714608000,1.2
"ZESPRI","AZ. AGR. DALLE FABBRICHE ANDREA","Fondo Errano 2024","T0","T0","DRIPPER",1714608000,0
"ZESPRI","AZ. AGR. DALLE FABBRICHE ANDREA","Fondo Errano 2024","T1","T1 basso","PLUV_CURR",1714608000,1.2
"ZESPRI","AZ. AGR. DALLE FABBRICHE ANDREA","Fondo Errano 2024","T1","T1 basso","PLUV_CURR",1714694400,0
"ZESPRI","AZ. AGR. DALLE FABBRICHE ANDREA","Fondo Errano 2024","T0","T0","DRIPPER",1714694400,0
"ZESPRI","AZ. AGR. DALLE FABBRICHE ANDREA","Fondo Errano 2024","T0","T0","PLUV_CURR",1714694400,0
"ZESPRI","AZ. AGR. DALLE FABBRICHE ANDREA","Fondo Errano 2024","T1","T1 basso","DRIPPER",1714694400,0
"ZESPRI","AZ. AGR. DALLE FABBRICHE ANDREA","Fondo Errano 2024","T0","T0","PLUV_CURR",1714780800,0.4
"ZESPRI","AZ. AGR. DALLE FABBRICHE ANDREA","Fondo Errano 2024","T0","T0","DRIPPER",1714780800,0
"ZESPRI","AZ. AGR. DALLE FABBRICHE ANDREA","Fondo Errano 2024","T1","T1 basso","PLUV_CURR",1714780800,0.4
"ZESPRI","AZ. AGR. DALLE FABBRICHE ANDREA","Fondo Errano 2024","T1","T1 basso","DRIPPER",1714780800,0
"ZESPRI","AZ. AGR. DALLE FABBRICHE ANDREA","Fondo Errano 2024","T1","T1 basso","PLUV_CURR",1714867200,0
"ZESPRI","AZ. AGR. DALLE FABBRICHE ANDREA","Fondo Errano 2024","T1","T1 basso","DRIPPER",1714867200,0
"ZESPRI","AZ. AGR. DALLE FABBRICHE ANDREA","Fondo Errano 2024","T0","T0","PLUV_CURR",1714867200,0
"ZESPRI","AZ. AGR. DALLE FABBRICHE ANDREA","Fondo Errano 2024","T0","T0","DRIPPER",1714867200,0
"ZESPRI","AZ. AGR. DALLE FABBRICHE ANDREA","Fondo Errano 2024","T0","T0","DRIPPER",1714953600,0
"ZESPRI","AZ. AGR. DALLE FABBRICHE ANDREA","Fondo Errano 2024","T1","T1 basso","PLUV_CURR",1714953600,0
"ZESPRI","AZ. AGR. DALLE FABBRICHE ANDREA","Fondo Errano 2024","T1","T1 basso","DRIPPER",1714953600,0
"ZESPRI","AZ. AGR. DALLE FABBRICHE ANDREA","Fondo Errano 2024","T0","T0","PLUV_CURR",1714953600,0
"ZESPRI","AZ. AGR. DALLE FABBRICHE ANDREA","Fondo Errano 2024","T0","T0","DRIPPER",1715040000,6.6444
"ZESPRI","AZ. AGR. DALLE FABBRICHE ANDREA","Fondo Errano 2024","T1","T1 basso","PLUV_CURR",1715040000,1.4
"ZESPRI","AZ. AGR. DALLE FABBRICHE ANDREA","Fondo Errano 2024","T0","T0","PLUV_CURR",1715040000,1.4
"ZESPRI","AZ. AGR. DALLE FABBRICHE ANDREA","Fondo Errano 2024","T1","T1 basso","DRIPPER",1715040000,7.3444
"ZESPRI","AZ. AGR. DALLE FABBRICHE ANDREA","Fondo Errano 2024","T0","T0","PLUV_CURR",1715126400,0
"ZESPRI","AZ. AGR. DALLE FABBRICHE ANDREA","Fondo Errano 2024","T1","T1 basso","PLUV_CURR",1715126400,0
"ZESPRI","AZ. AGR. DALLE FABBRICHE ANDREA","Fondo Errano 2024","T1","T1 basso","DRIPPER",1715126400,0.559
"ZESPRI","AZ. AGR. DALLE FABBRICHE ANDREA","Fondo Errano 2024","T0","T0","DRIPPER",1715126400,0
"ZESPRI","AZ. AGR. DALLE FABBRICHE ANDREA","Fondo Errano 2024","T1","T1 basso","DRIPPER",1715212800,0
"ZESPRI","AZ. AGR. DALLE FABBRICHE ANDREA","Fondo Errano 2024","T0","T0","DRIPPER",1715212800,0
"ZESPRI","AZ. AGR. DALLE FABBRICHE ANDREA","Fondo Errano 2024","T0","T0","PLUV_CURR",1715212800,0
"ZESPRI","AZ. AGR. DALLE FABBRICHE ANDREA","Fondo Errano 2024","T1","T1 basso","PLUV_CURR",1715212800,0
"ZESPRI","AZ. AGR. DALLE FABBRICHE ANDREA","Fondo Errano 2024","T1","T1 basso","PLUV_CURR",1715299200,0
"ZESPRI","AZ. AGR. DALLE FABBRICHE ANDREA","Fondo Errano 2024","T0","T0","PLUV_CURR",1715299200,0
"ZESPRI","AZ. AGR. DALLE FABBRICHE ANDREA","Fondo Errano 2024","T1","T1 basso","DRIPPER",1715299200,0
"ZESPRI","AZ. AGR. DALLE FABBRICHE ANDREA","Fondo Errano 2024","T0","T0","DRIPPER",1715299200,0
"ZESPRI","AZ. AGR. DALLE FABBRICHE ANDREA","Fondo Errano 2024","T0","T0","DRIPPER",1715385600,0
"ZESPRI","AZ. AGR. DALLE FABBRICHE ANDREA","Fondo Errano 2024","T1","T1 basso","DRIPPER",1715385600,0
"ZESPRI","AZ. AGR. DALLE FABBRICHE ANDREA","Fondo Errano 2024","T1","T1 basso","PLUV_CURR",1715385600,0
"ZESPRI","AZ. AGR. DALLE FABBRICHE ANDREA","Fondo Errano 2024","T0","T0","PLUV_CURR",1715385600,0
"ZESPRI","AZ. AGR. DALLE FABBRICHE ANDREA","Fondo Errano 2024","T1","T1 basso","DRIPPER",1715472000,0
"ZESPRI","AZ. AGR. DALLE FABBRICHE ANDREA","Fondo Errano 2024","T0","T0","PLUV_CURR",1715472000,0
"ZESPRI","AZ. AGR. DALLE FABBRICHE ANDREA","Fondo Errano 2024","T1","T1 basso","PLUV_CURR",1715472000,0
"ZESPRI","AZ. AGR. DALLE FABBRICHE ANDREA","Fondo Errano 2024","T0","T0","DRIPPER",1715472000,5.9892
"ZESPRI","AZ. AGR. DALLE FABBRICHE ANDREA","Fondo Errano 2024","T0","T0","PLUV_CURR",1715558400,3
"ZESPRI","AZ. AGR. DALLE FABBRICHE ANDREA","Fondo Errano 2024","T1","T1 basso","DRIPPER",1715558400,0
"ZESPRI","AZ. AGR. DALLE FABBRICHE ANDREA","Fondo Errano 2024","T0","T0","DRIPPER",1715558400,0
"ZESPRI","AZ. AGR. DALLE FABBRICHE ANDREA","Fondo Errano 2024","T1","T1 basso","PLUV_CURR",1715558400,3
"ZESPRI","AZ. AGR. DALLE FABBRICHE ANDREA","Fondo Errano 2024","T1","T1 basso","DRIPPER",1715644800,0
"ZESPRI","AZ. AGR. DALLE FABBRICHE ANDREA","Fondo Errano 2024","T0","T0","DRIPPER",1715644800,0
"ZESPRI","AZ. AGR. DALLE FABBRICHE ANDREA","Fondo Errano 2024","T1","T1 basso","PLUV_CURR",1715644800,0.2
"ZESPRI","AZ. AGR. DALLE FABBRICHE ANDREA","Fondo Errano 2024","T0","T0","PLUV_CURR",1715644800,0.2
"ZESPRI","AZ. AGR. DALLE FABBRICHE ANDREA","Fondo Errano 2024","T0","T0","PLUV_CURR",1715731200,0
"ZESPRI","AZ. AGR. DALLE FABBRICHE ANDREA","Fondo Errano 2024","T0","T0","DRIPPER",1715731200,6.3168
"ZESPRI","AZ. AGR. DALLE FABBRICHE ANDREA","Fondo Errano 2024","T1","T1 basso","PLUV_CURR",1715731200,0
"ZESPRI","AZ. AGR. DALLE FABBRICHE ANDREA","Fondo Errano 2024","T1","T1 basso","DRIPPER",1715731200,6.6392
"ZESPRI","AZ. AGR. DALLE FABBRICHE ANDREA","Fondo Errano 2024","T1","T1 basso","PLUV_CURR",1715817600,12
"ZESPRI","AZ. AGR. DALLE FABBRICHE ANDREA","Fondo Errano 2024","T0","T0","DRIPPER",1715817600,0
"ZESPRI","AZ. AGR. DALLE FABBRICHE ANDREA","Fondo Errano 2024","T1","T1 basso","DRIPPER",1715817600,0
"ZESPRI","AZ. AGR. DALLE FABBRICHE ANDREA","Fondo Errano 2024","T0","T0","PLUV_CURR",1715817600,12
"ZESPRI","AZ. AGR. DALLE FABBRICHE ANDREA","Fondo Errano 2024","T0","T0","DRIPPER",1715904000,0
"ZESPRI","AZ. AGR. DALLE FABBRICHE ANDREA","Fondo Errano 2024","T0","T0","PLUV_CURR",1715904000,0
"ZESPRI","AZ. AGR. DALLE FABBRICHE ANDREA","Fondo Errano 2024","T1","T1 basso","PLUV_CURR",1715904000,0
"ZESPRI","AZ. AGR. DALLE FABBRICHE ANDREA","Fondo Errano 2024","T1","T1 basso","DRIPPER",1715904000,0
"ZESPRI","AZ. AGR. DALLE FABBRICHE ANDREA","Fondo Errano 2024","T1","T1 basso","PLUV_CURR",1715990400,0
"ZESPRI","AZ. AGR. DALLE FABBRICHE ANDREA","Fondo Errano 2024","T0","T0","DRIPPER",1715990400,0
"ZESPRI","AZ. AGR. DALLE FABBRICHE ANDREA","Fondo Errano 2024","T1","T1 basso","DRIPPER",1715990400,0
"ZESPRI","AZ. AGR. DALLE FABBRICHE ANDREA","Fondo Errano 2024","T0","T0","PLUV_CURR",1715990400,0
"ZESPRI","AZ. AGR. DALLE FABBRICHE ANDREA","Fondo Errano 2024","T0","T0","DRIPPER",1716076800,0
"ZESPRI","AZ. AGR. DALLE FABBRICHE ANDREA","Fondo Errano 2024","T1","T1 basso","PLUV_CURR",1716076800,0
"ZESPRI","AZ. AGR. DALLE FABBRICHE ANDREA","Fondo Errano 2024","T0","T0","PLUV_CURR",1716076800,0
"ZESPRI","AZ. AGR. DALLE FABBRICHE ANDREA","Fondo Errano 2024","T1","T1 basso","DRIPPER",1716076800,0
"ZESPRI","AZ. AGR. DALLE FABBRICHE ANDREA","Fondo Errano 2024","T0","T0","PLUV_CURR",1716163200,28.4
"ZESPRI","AZ. AGR. DALLE FABBRICHE ANDREA","Fondo Errano 2024","T1","T1 basso","PLUV_CURR",1716163200,28.4
"ZESPRI","AZ. AGR. DALLE FABBRICHE ANDREA","Fondo Errano 2024","T1","T1 basso","DRIPPER",1716163200,0
"ZESPRI","AZ. AGR. DALLE FABBRICHE ANDREA","Fondo Errano 2024","T0","T0","DRIPPER",1716163200,0.0084
"ZESPRI","AZ. AGR. DALLE FABBRICHE ANDREA","Fondo Errano 2024","T0","T0","DRIPPER",1716249600,0.0084
"ZESPRI","AZ. AGR. DALLE FABBRICHE ANDREA","Fondo Errano 2024","T1","T1 basso","PLUV_CURR",1716249600,9.8
"ZESPRI","AZ. AGR. DALLE FABBRICHE ANDREA","Fondo Errano 2024","T1","T1 basso","DRIPPER",1716249600,0
"ZESPRI","AZ. AGR. DALLE FABBRICHE ANDREA","Fondo Errano 2024","T0","T0","PLUV_CURR",1716249600,9.8
"ZESPRI","AZ. AGR. DALLE FABBRICHE ANDREA","Fondo Errano 2024","T0","T0","PLUV_CURR",1716336000,0
"ZESPRI","AZ. AGR. DALLE FABBRICHE ANDREA","Fondo Errano 2024","T0","T0","DRIPPER",1716336000,6.8544
"ZESPRI","AZ. AGR. DALLE FABBRICHE ANDREA","Fondo Errano 2024","T1","T1 basso","PLUV_CURR",1716336000,0
"ZESPRI","AZ. AGR. DALLE FABBRICHE ANDREA","Fondo Errano 2024","T1","T1 basso","DRIPPER",1716336000,8.0324
"ZESPRI","AZ. AGR. DALLE FABBRICHE ANDREA","Fondo Errano 2024","T1","T1 basso","PLUV_CURR",1716422400,0
"ZESPRI","AZ. AGR. DALLE FABBRICHE ANDREA","Fondo Errano 2024","T0","T0","PLUV_CURR",1716422400,0
"ZESPRI","AZ. AGR. DALLE FABBRICHE ANDREA","Fondo Errano 2024","T1","T1 basso","DRIPPER",1716422400,1.6942
"ZESPRI","AZ. AGR. DALLE FABBRICHE ANDREA","Fondo Errano 2024","T0","T0","DRIPPER",1716422400,0.0168
"ZESPRI","AZ. AGR. DALLE FABBRICHE ANDREA","Fondo Errano 2024","T1","T1 basso","DRIPPER",1716508800,1.6942
"ZESPRI","AZ. AGR. DALLE FABBRICHE ANDREA","Fondo Errano 2024","T0","T0","PLUV_CURR",1716508800,0
"ZESPRI","AZ. AGR. DALLE FABBRICHE ANDREA","Fondo Errano 2024","T1","T1 basso","PLUV_CURR",1716508800,0
"ZESPRI","AZ. AGR. DALLE FABBRICHE ANDREA","Fondo Errano 2024","T0","T0","DRIPPER",1716508800,1.0752
"ZESPRI","AZ. AGR. DALLE FABBRICHE ANDREA","Fondo Errano 2024","T1","T1 basso","DRIPPER",1716595200,0
"ZESPRI","AZ. AGR. DALLE FABBRICHE ANDREA","Fondo Errano 2024","T1","T1 basso","PLUV_CURR",1716595200,2.4
"ZESPRI","AZ. AGR. DALLE FABBRICHE ANDREA","Fondo Errano 2024","T0","T0","PLUV_CURR",1716595200,2.4
"ZESPRI","AZ. AGR. DALLE FABBRICHE ANDREA","Fondo Errano 2024","T0","T0","DRIPPER",1716595200,0
"ZESPRI","AZ. AGR. DALLE FABBRICHE ANDREA","Fondo Errano 2024","T1","T1 basso","DRIPPER",1716681600,0
"ZESPRI","AZ. AGR. DALLE FABBRICHE ANDREA","Fondo Errano 2024","T1","T1 basso","PLUV_CURR",1716681600,0
"ZESPRI","AZ. AGR. DALLE FABBRICHE ANDREA","Fondo Errano 2024","T0","T0","DRIPPER",1716681600,0
"ZESPRI","AZ. AGR. DALLE FABBRICHE ANDREA","Fondo Errano 2024","T0","T0","PLUV_CURR",1716681600,0
"ZESPRI","AZ. AGR. DALLE FABBRICHE ANDREA","Fondo Errano 2024","T1","T1 basso","DRIPPER",1716768000,0
"ZESPRI","AZ. AGR. DALLE FABBRICHE ANDREA","Fondo Errano 2024","T0","T0","DRIPPER",1716768000,0
"ZESPRI","AZ. AGR. DALLE FABBRICHE ANDREA","Fondo Errano 2024","T0","T0","PLUV_CURR",1716768000,0
"ZESPRI","AZ. AGR. DALLE FABBRICHE ANDREA","Fondo Errano 2024","T1","T1 basso","PLUV_CURR",1716768000,0
"ZESPRI","AZ. AGR. DALLE FABBRICHE ANDREA","Fondo Errano 2024","T1","T1 basso","DRIPPER",1716854400,9.16
"ZESPRI","AZ. AGR. DALLE FABBRICHE ANDREA","Fondo Errano 2024","T1","T1 basso","PLUV_CURR",1716854400,0
"ZESPRI","AZ. AGR. DALLE FABBRICHE ANDREA","Fondo Errano 2024","T0","T0","DRIPPER",1716854400,8.1648
"ZESPRI","AZ. AGR. DALLE FABBRICHE ANDREA","Fondo Errano 2024","T0","T0","PLUV_CURR",1716854400,0
"ZESPRI","AZ. AGR. DALLE FABBRICHE ANDREA","Fondo Errano 2024","T1","T1 basso","DRIPPER",1716940800,0
"ZESPRI","AZ. AGR. DALLE FABBRICHE ANDREA","Fondo Errano 2024","T1","T1 basso","PLUV_CURR",1716940800,0
"ZESPRI","AZ. AGR. DALLE FABBRICHE ANDREA","Fondo Errano 2024","T0","T0","DRIPPER",1716940800,0
"ZESPRI","AZ. AGR. DALLE FABBRICHE ANDREA","Fondo Errano 2024","T0","T0","PLUV_CURR",1716940800,0
"ZESPRI","AZ. AGR. DALLE FABBRICHE ANDREA","Fondo Errano 2024","T1","T1 basso","PLUV_CURR",1717027200,0.6
"ZESPRI","AZ. AGR. DALLE FABBRICHE ANDREA","Fondo Errano 2024","T0","T0","DRIPPER",1717027200,4.9308
"ZESPRI","AZ. AGR. DALLE FABBRICHE ANDREA","Fondo Errano 2024","T0","T0","PLUV_CURR",1717027200,0.6
"ZESPRI","AZ. AGR. DALLE FABBRICHE ANDREA","Fondo Errano 2024","T1","T1 basso","DRIPPER",1717027200,0
"ZESPRI","AZ. AGR. DALLE FABBRICHE ANDREA","Fondo Errano 2024","T1","T1 basso","PLUV_CURR",1717113600,0.6
"ZESPRI","AZ. AGR. DALLE FABBRICHE ANDREA","Fondo Errano 2024","T0","T0","DRIPPER",1717113600,0
"ZESPRI","AZ. AGR. DALLE FABBRICHE ANDREA","Fondo Errano 2024","T1","T1 basso","DRIPPER",1717113600,1.46
"ZESPRI","AZ. AGR. DALLE FABBRICHE ANDREA","Fondo Errano 2024","T0","T0","PLUV_CURR",1717113600,0.6
"ZESPRI","AZ. AGR. DALLE FABBRICHE ANDREA","Fondo Errano 2024","T0","T0","DRIPPER",1717200000,0
"ZESPRI","AZ. AGR. DALLE FABBRICHE ANDREA","Fondo Errano 2024","T0","T0","PLUV_CURR",1717200000,0
"ZESPRI","AZ. AGR. DALLE FABBRICHE ANDREA","Fondo Errano 2024","T1","T1 basso","PLUV_CURR",1717200000,0
"ZESPRI","AZ. AGR. DALLE FABBRICHE ANDREA","Fondo Errano 2024","T1","T1 basso","DRIPPER",1717200000,0
"ZESPRI","AZ. AGR. DALLE FABBRICHE ANDREA","Fondo Errano 2024","T1","T1 basso","PLUV_CURR",1717286400,2.2
"ZESPRI","AZ. AGR. DALLE FABBRICHE ANDREA","Fondo Errano 2024","T0","T0","DRIPPER",1717286400,7.88
"ZESPRI","AZ. AGR. DALLE FABBRICHE ANDREA","Fondo Errano 2024","T0","T0","PLUV_CURR",1717286400,2.2
"ZESPRI","AZ. AGR. DALLE FABBRICHE ANDREA","Fondo Errano 2024","T1","T1 basso","DRIPPER",1717286400,9.45
"ZESPRI","AZ. AGR. DALLE FABBRICHE ANDREA","Fondo Errano 2024","T1","T1 basso","DRIPPER",1717372800,2.27
"ZESPRI","AZ. AGR. DALLE FABBRICHE ANDREA","Fondo Errano 2024","T1","T1 basso","ADVICE",1717372800,2
"ZESPRI","AZ. AGR. DALLE FABBRICHE ANDREA","Fondo Errano 2024","T0","T0","DRIPPER",1717372800,0
"ZESPRI","AZ. AGR. DALLE FABBRICHE ANDREA","Fondo Errano 2024","T1","T1 basso","PLUV_CURR",1717372800,2.8
"ZESPRI","AZ. AGR. DALLE FABBRICHE ANDREA","Fondo Errano 2024","T0","T0","PLUV_CURR",1717372800,2.8
"ZESPRI","AZ. AGR. DALLE FABBRICHE ANDREA","Fondo Errano 2024","T0","T0","DRIPPER",1717459200,0.08
"ZESPRI","AZ. AGR. DALLE FABBRICHE ANDREA","Fondo Errano 2024","T1","T1 basso","DRIPPER",1717459200,0
"ZESPRI","AZ. AGR. DALLE FABBRICHE ANDREA","Fondo Errano 2024","T0","T0","PLUV_CURR",1717459200,0
"ZESPRI","AZ. AGR. DALLE FABBRICHE ANDREA","Fondo Errano 2024","T1","T1 basso","PLUV_CURR",1717459200,0
"ZESPRI","AZ. AGR. DALLE FABBRICHE ANDREA","Fondo Errano 2024","T1","T1 basso","ADVICE",1717459200,0
"ZESPRI","AZ. AGR. DALLE FABBRICHE ANDREA","Fondo Errano 2024","T0","T0","DRIPPER",1717545600,7.17
"ZESPRI","AZ. AGR. DALLE FABBRICHE ANDREA","Fondo Errano 2024","T1","T1 basso","ADVICE",1717545600,0
"ZESPRI","AZ. AGR. DALLE FABBRICHE ANDREA","Fondo Errano 2024","T1","T1 basso","PLUV_CURR",1717545600,0
"ZESPRI","AZ. AGR. DALLE FABBRICHE ANDREA","Fondo Errano 2024","T1","T1 basso","DRIPPER",1717545600,0
"ZESPRI","AZ. AGR. DALLE FABBRICHE ANDREA","Fondo Errano 2024","T0","T0","PLUV_CURR",1717545600,0
"ZESPRI","AZ. AGR. DALLE FABBRICHE ANDREA","Fondo Errano 2024","T0","T0","PLUV_CURR",1717632000,0
"ZESPRI","AZ. AGR. DALLE FABBRICHE ANDREA","Fondo Errano 2024","T1","T1 basso","ADVICE",1717632000,0
"ZESPRI","AZ. AGR. DALLE FABBRICHE ANDREA","Fondo Errano 2024","T0","T0","DRIPPER",1717632000,10.59
"ZESPRI","AZ. AGR. DALLE FABBRICHE ANDREA","Fondo Errano 2024","T1","T1 basso","DRIPPER",1717632000,0
"ZESPRI","AZ. AGR. DALLE FABBRICHE ANDREA","Fondo Errano 2024","T1","T1 basso","PLUV_CURR",1717632000,0
"ZESPRI","AZ. AGR. DALLE FABBRICHE ANDREA","Fondo Errano 2024","T1","T1 basso","ADVICE",1717718400,0
"ZESPRI","AZ. AGR. DALLE FABBRICHE ANDREA","Fondo Errano 2024","T1","T1 basso","PLUV_CURR",1717718400,0
"ZESPRI","AZ. AGR. DALLE FABBRICHE ANDREA","Fondo Errano 2024","T0","T0","PLUV_CURR",1717718400,0
"ZESPRI","AZ. AGR. DALLE FABBRICHE ANDREA","Fondo Errano 2024","T0","T0","DRIPPER",1717718400,7.05
"ZESPRI","AZ. AGR. DALLE FABBRICHE ANDREA","Fondo Errano 2024","T1","T1 basso","DRIPPER",1717718400,0
"ZESPRI","AZ. AGR. DALLE FABBRICHE ANDREA","Fondo Errano 2024","T0","T0","PLUV_CURR",1717804800,0
"ZESPRI","AZ. AGR. DALLE FABBRICHE ANDREA","Fondo Errano 2024","T1","T1 basso","ADVICE",1717804800,0
"ZESPRI","AZ. AGR. DALLE FABBRICHE ANDREA","Fondo Errano 2024","T1","T1 basso","DRIPPER",1717804800,12.38
"ZESPRI","AZ. AGR. DALLE FABBRICHE ANDREA","Fondo Errano 2024","T0","T0","DRIPPER",1717804800,11.84
"ZESPRI","AZ. AGR. DALLE FABBRICHE ANDREA","Fondo Errano 2024","T1","T1 basso","PLUV_CURR",1717804800,0
"ZESPRI","AZ. AGR. DALLE FABBRICHE ANDREA","Fondo Errano 2024","T1","T1 basso","ADVICE",1717891200,0
"ZESPRI","AZ. AGR. DALLE FABBRICHE ANDREA","Fondo Errano 2024","T1","T1 basso","PLUV_CURR",1717891200,0
"ZESPRI","AZ. AGR. DALLE FABBRICHE ANDREA","Fondo Errano 2024","T0","T0","PLUV_CURR",1717891200,0
"ZESPRI","AZ. AGR. DALLE FABBRICHE ANDREA","Fondo Errano 2024","T0","T0","DRIPPER",1717891200,5.9
"ZESPRI","AZ. AGR. DALLE FABBRICHE ANDREA","Fondo Errano 2024","T1","T1 basso","DRIPPER",1717891200,6.1
"ZESPRI","AZ. AGR. DALLE FABBRICHE ANDREA","Fondo Errano 2024","T1","T1 basso","ADVICE",1717977600,0
"ZESPRI","AZ. AGR. DALLE FABBRICHE ANDREA","Fondo Errano 2024","T0","T0","PLUV_CURR",1717977600,0
"ZESPRI","AZ. AGR. DALLE FABBRICHE ANDREA","Fondo Errano 2024","T1","T1 basso","DRIPPER",1717977600,5.08
"ZESPRI","AZ. AGR. DALLE FABBRICHE ANDREA","Fondo Errano 2024","T1","T1 basso","PLUV_CURR",1717977600,0
"ZESPRI","AZ. AGR. DALLE FABBRICHE ANDREA","Fondo Errano 2024","T0","T0","DRIPPER",1717977600,10.23
"ZESPRI","AZ. AGR. DALLE FABBRICHE ANDREA","Fondo Errano 2024","T1","T1 basso","PLUV_CURR",1718064000,0
"ZESPRI","AZ. AGR. DALLE FABBRICHE ANDREA","Fondo Errano 2024","T0","T0","PLUV_CURR",1718064000,0
"ZESPRI","AZ. AGR. DALLE FABBRICHE ANDREA","Fondo Errano 2024","T1","T1 basso","ADVICE",1718064000,0
"ZESPRI","AZ. AGR. DALLE FABBRICHE ANDREA","Fondo Errano 2024","T1","T1 basso","DRIPPER",1718064000,5.04
"ZESPRI","AZ. AGR. DALLE FABBRICHE ANDREA","Fondo Errano 2024","T0","T0","DRIPPER",1718064000,12
"ZESPRI","AZ. AGR. DALLE FABBRICHE ANDREA","Fondo Errano 2024","T0","T0","PLUV_CURR",1718150400,0
"ZESPRI","AZ. AGR. DALLE FABBRICHE ANDREA","Fondo Errano 2024","T0","T0","DRIPPER",1718150400,11.16
"ZESPRI","AZ. AGR. DALLE FABBRICHE ANDREA","Fondo Errano 2024","T1","T1 basso","PLUV_CURR",1718150400,0
"ZESPRI","AZ. AGR. DALLE FABBRICHE ANDREA","Fondo Errano 2024","T1","T1 basso","DRIPPER",1718150400,9.51
"ZESPRI","AZ. AGR. DALLE FABBRICHE ANDREA","Fondo Errano 2024","T1","T1 basso","ADVICE",1718150400,0
"ZESPRI","AZ. AGR. DALLE FABBRICHE ANDREA","Fondo Errano 2024","T1","T1 basso","DRIPPER",1718236800,8.82
"ZESPRI","AZ. AGR. DALLE FABBRICHE ANDREA","Fondo Errano 2024","T0","T0","DRIPPER",1718236800,7.88
"ZESPRI","AZ. AGR. DALLE FABBRICHE ANDREA","Fondo Errano 2024","T1","T1 basso","ADVICE",1718236800,7.787
"ZESPRI","AZ. AGR. DALLE FABBRICHE ANDREA","Fondo Errano 2024","T1","T1 basso","PLUV_CURR",1718236800,3.4
"ZESPRI","AZ. AGR. DALLE FABBRICHE ANDREA","Fondo Errano 2024","T0","T0","PLUV_CURR",1718236800,3.4
"ZESPRI","AZ. AGR. DALLE FABBRICHE ANDREA","Fondo Errano 2024","T0","T0","DRIPPER",1718323200,9.71
"ZESPRI","AZ. AGR. DALLE FABBRICHE ANDREA","Fondo Errano 2024","T1","T1 basso","DRIPPER",1718323200,9.89
"ZESPRI","AZ. AGR. DALLE FABBRICHE ANDREA","Fondo Errano 2024","T0","T0","PLUV_CURR",1718323200,0
"ZESPRI","AZ. AGR. DALLE FABBRICHE ANDREA","Fondo Errano 2024","T1","T1 basso","ADVICE",1718323200,0
"ZESPRI","AZ. AGR. DALLE FABBRICHE ANDREA","Fondo Errano 2024","T1","T1 basso","PLUV_CURR",1718323200,0
"ZESPRI","AZ. AGR. DALLE FABBRICHE ANDREA","Fondo Errano 2024","T1","T1 basso","ADVICE",1718409600,8.3144
"ZESPRI","AZ. AGR. DALLE FABBRICHE ANDREA","Fondo Errano 2024","T0","T0","PLUV_CURR",1718409600,0
"ZESPRI","AZ. AGR. DALLE FABBRICHE ANDREA","Fondo Errano 2024","T1","T1 basso","PLUV_CURR",1718409600,0
"ZESPRI","AZ. AGR. DALLE FABBRICHE ANDREA","Fondo Errano 2024","T0","T0","DRIPPER",1718409600,11.32
"ZESPRI","AZ. AGR. DALLE FABBRICHE ANDREA","Fondo Errano 2024","T1","T1 basso","DRIPPER",1718409600,8.08
"ZESPRI","AZ. AGR. DALLE FABBRICHE ANDREA","Fondo Errano 2024","T1","T1 basso","DRIPPER",1718496000,6.99
"ZESPRI","AZ. AGR. DALLE FABBRICHE ANDREA","Fondo Errano 2024","T1","T1 basso","PLUV_CURR",1718496000,0
"ZESPRI","AZ. AGR. DALLE FABBRICHE ANDREA","Fondo Errano 2024","T1","T1 basso","ADVICE",1718496000,6.9293
"ZESPRI","AZ. AGR. DALLE FABBRICHE ANDREA","Fondo Errano 2024","T0","T0","DRIPPER",1718496000,11.19
"ZESPRI","AZ. AGR. DALLE FABBRICHE ANDREA","Fondo Errano 2024","T0","T0","PLUV_CURR",1718496000,0
"ZESPRI","AZ. AGR. DALLE FABBRICHE ANDREA","Fondo Errano 2024","T1","T1 basso","DRIPPER",1718582400,7.97
"ZESPRI","AZ. AGR. DALLE FABBRICHE ANDREA","Fondo Errano 2024","T0","T0","PLUV_CURR",1718582400,0
"ZESPRI","AZ. AGR. DALLE FABBRICHE ANDREA","Fondo Errano 2024","T1","T1 basso","PLUV_CURR",1718582400,0
"ZESPRI","AZ. AGR. DALLE FABBRICHE ANDREA","Fondo Errano 2024","T0","T0","DRIPPER",1718582400,11.31
"ZESPRI","AZ. AGR. DALLE FABBRICHE ANDREA","Fondo Errano 2024","T1","T1 basso","ADVICE",1718582400,6.0785
"ZESPRI","AZ. AGR. DALLE FABBRICHE ANDREA","Fondo Errano 2024","T1","T1 basso","PLUV_CURR",1718668800,0
"ZESPRI","AZ. AGR. DALLE FABBRICHE ANDREA","Fondo Errano 2024","T0","T0","PLUV_CURR",1718668800,0
"ZESPRI","AZ. AGR. DALLE FABBRICHE ANDREA","Fondo Errano 2024","T1","T1 basso","ADVICE",1718668800,6.8116
"ZESPRI","AZ. AGR. DALLE FABBRICHE ANDREA","Fondo Errano 2024","T0","T0","DRIPPER",1718668800,13.77
"ZESPRI","AZ. AGR. DALLE FABBRICHE ANDREA","Fondo Errano 2024","T1","T1 basso","DRIPPER",1718668800,8.46
"ZESPRI","AZ. AGR. DALLE FABBRICHE ANDREA","Fondo Errano 2024","T1","T1 basso","DRIPPER",1718755200,9.07
"ZESPRI","AZ. AGR. DALLE FABBRICHE ANDREA","Fondo Errano 2024","T1","T1 basso","PLUV_CURR",1718755200,0
"ZESPRI","AZ. AGR. DALLE FABBRICHE ANDREA","Fondo Errano 2024","T0","T0","DRIPPER",1718755200,13.61
"ZESPRI","AZ. AGR. DALLE FABBRICHE ANDREA","Fondo Errano 2024","T0","T0","PLUV_CURR",1718755200,0
"ZESPRI","AZ. AGR. DALLE FABBRICHE ANDREA","Fondo Errano 2024","T1","T1 basso","ADVICE",1718755200,7.5778
"ZESPRI","AZ. AGR. DALLE FABBRICHE ANDREA","Fondo Errano 2024","T0","T0","PLUV_CURR",1718841600,0.6
"ZESPRI","AZ. AGR. DALLE FABBRICHE ANDREA","Fondo Errano 2024","T0","T0","DRIPPER",1718841600,13.47
"ZESPRI","AZ. AGR. DALLE FABBRICHE ANDREA","Fondo Errano 2024","T1","T1 basso","PLUV_CURR",1718841600,0.6
"ZESPRI","AZ. AGR. DALLE FABBRICHE ANDREA","Fondo Errano 2024","T1","T1 basso","ADVICE",1718841600,7.8304
"ZESPRI","AZ. AGR. DALLE FABBRICHE ANDREA","Fondo Errano 2024","T1","T1 basso","DRIPPER",1718841600,9.53
"ZESPRI","AZ. AGR. DALLE FABBRICHE ANDREA","Fondo Errano 2024","T1","T1 basso","PLUV_CURR",1718928000,0
"ZESPRI","AZ. AGR. DALLE FABBRICHE ANDREA","Fondo Errano 2024","T1","T1 basso","DRIPPER",1718928000,8.57
"ZESPRI","AZ. AGR. DALLE FABBRICHE ANDREA","Fondo Errano 2024","T0","T0","PLUV_CURR",1718928000,0
"ZESPRI","AZ. AGR. DALLE FABBRICHE ANDREA","Fondo Errano 2024","T0","T0","DRIPPER",1718928000,13.64
"ZESPRI","AZ. AGR. DALLE FABBRICHE ANDREA","Fondo Errano 2024","T1","T1 basso","ADVICE",1718928000,7.9601
"ZESPRI","AZ. AGR. DALLE FABBRICHE ANDREA","Fondo Errano 2024","T0","T0","PLUV_CURR",1719014400,0
"ZESPRI","AZ. AGR. DALLE FABBRICHE ANDREA","Fondo Errano 2024","T0","T0","DRIPPER",1719014400,13.77
"ZESPRI","AZ. AGR. DALLE FABBRICHE ANDREA","Fondo Errano 2024","T1","T1 basso","ADVICE",1719014400,6.9743
"ZESPRI","AZ. AGR. DALLE FABBRICHE ANDREA","Fondo Errano 2024","T1","T1 basso","PLUV_CURR",1719014400,0
"ZESPRI","AZ. AGR. DALLE FABBRICHE ANDREA","Fondo Errano 2024","T1","T1 basso","DRIPPER",1719014400,6.11
"ZESPRI","AZ. AGR. DALLE FABBRICHE ANDREA","Fondo Errano 2024","T0","T0","DRIPPER",1719100800,11.96
"ZESPRI","AZ. AGR. DALLE FABBRICHE ANDREA","Fondo Errano 2024","T1","T1 basso","ADVICE",1719100800,5.2971
"ZESPRI","AZ. AGR. DALLE FABBRICHE ANDREA","Fondo Errano 2024","T0","T0","PLUV_CURR",1719100800,1.8
"ZESPRI","AZ. AGR. DALLE FABBRICHE ANDREA","Fondo Errano 2024","T1","T1 basso","PLUV_CURR",1719100800,1.8
"ZESPRI","AZ. AGR. DALLE FABBRICHE ANDREA","Fondo Errano 2024","T1","T1 basso","DRIPPER",1719100800,5.19
"ZESPRI","AZ. AGR. DALLE FABBRICHE ANDREA","Fondo Errano 2024","T1","T1 basso","PLUV_CURR",1719187200,5.8
"ZESPRI","AZ. AGR. DALLE FABBRICHE ANDREA","Fondo Errano 2024","T1","T1 basso","ADVICE",1719187200,2.876
"ZESPRI","AZ. AGR. DALLE FABBRICHE ANDREA","Fondo Errano 2024","T0","T0","PLUV_CURR",1719187200,5.8
"ZESPRI","AZ. AGR. DALLE FABBRICHE ANDREA","Fondo Errano 2024","T0","T0","DRIPPER",1719187200,0
"ZESPRI","AZ. AGR. DALLE FABBRICHE ANDREA","Fondo Errano 2024","T1","T1 basso","DRIPPER",1719187200,2.42
"ZESPRI","AZ. AGR. DALLE FABBRICHE ANDREA","Fondo Errano 2024","T0","T0","DRIPPER",1719273600,0.01
"ZESPRI","AZ. AGR. DALLE FABBRICHE ANDREA","Fondo Errano 2024","T1","T1 basso","PLUV_CURR",1719273600,12.6
"ZESPRI","AZ. AGR. DALLE FABBRICHE ANDREA","Fondo Errano 2024","T1","T1 basso","ADVICE",1719273600,0
"ZESPRI","AZ. AGR. DALLE FABBRICHE ANDREA","Fondo Errano 2024","T1","T1 basso","DRIPPER",1719273600,1.08
"ZESPRI","AZ. AGR. DALLE FABBRICHE ANDREA","Fondo Errano 2024","T0","T0","PLUV_CURR",1719273600,12.6
"ZESPRI","AZ. AGR. DALLE FABBRICHE ANDREA","Fondo Errano 2024","T0","T0","DRIPPER",1719360000,0
"ZESPRI","AZ. AGR. DALLE FABBRICHE ANDREA","Fondo Errano 2024","T0","T0","PLUV_CURR",1719360000,1
"ZESPRI","AZ. AGR. DALLE FABBRICHE ANDREA","Fondo Errano 2024","T1","T1 basso","ADVICE",1719360000,0
"ZESPRI","AZ. AGR. DALLE FABBRICHE ANDREA","Fondo Errano 2024","T1","T1 basso","DRIPPER",1719360000,0
"ZESPRI","AZ. AGR. DALLE FABBRICHE ANDREA","Fondo Errano 2024","T1","T1 basso","PLUV_CURR",1719360000,1
"ZESPRI","AZ. AGR. DALLE FABBRICHE ANDREA","Fondo Errano 2024","T1","T1 basso","DRIPPER",1719446400,8.64
"ZESPRI","AZ. AGR. DALLE FABBRICHE ANDREA","Fondo Errano 2024","T0","T0","PLUV_CURR",1719446400,0
"ZESPRI","AZ. AGR. DALLE FABBRICHE ANDREA","Fondo Errano 2024","T1","T1 basso","ADVICE",1719446400,0
"ZESPRI","AZ. AGR. DALLE FABBRICHE ANDREA","Fondo Errano 2024","T0","T0","DRIPPER",1719446400,7.91
"ZESPRI","AZ. AGR. DALLE FABBRICHE ANDREA","Fondo Errano 2024","T1","T1 basso","PLUV_CURR",1719446400,0
"ZESPRI","AZ. AGR. DALLE FABBRICHE ANDREA","Fondo Errano 2024","T1","T1 basso","ADVICE",1719532800,0
"ZESPRI","AZ. AGR. DALLE FABBRICHE ANDREA","Fondo Errano 2024","T0","T0","PLUV_CURR",1719532800,0
"ZESPRI","AZ. AGR. DALLE FABBRICHE ANDREA","Fondo Errano 2024","T1","T1 basso","PLUV_CURR",1719532800,0
"ZESPRI","AZ. AGR. DALLE FABBRICHE ANDREA","Fondo Errano 2024","T0","T0","DRIPPER",1719532800,11.19
"ZESPRI","AZ. AGR. DALLE FABBRICHE ANDREA","Fondo Errano 2024","T1","T1 basso","DRIPPER",1719532800,0.01
"ZESPRI","AZ. AGR. DALLE FABBRICHE ANDREA","Fondo Errano 2024","T0","T0","PLUV_CURR",1719619200,0
"ZESPRI","AZ. AGR. DALLE FABBRICHE ANDREA","Fondo Errano 2024","T0","T0","DRIPPER",1719619200,12.54
"ZESPRI","AZ. AGR. DALLE FABBRICHE ANDREA","Fondo Errano 2024","T1","T1 basso","DRIPPER",1719619200,1.84
"ZESPRI","AZ. AGR. DALLE FABBRICHE ANDREA","Fondo Errano 2024","T1","T1 basso","ADVICE",1719619200,1.3852
"ZESPRI","AZ. AGR. DALLE FABBRICHE ANDREA","Fondo Errano 2024","T1","T1 basso","PLUV_CURR",1719619200,0
"ZESPRI","AZ. AGR. DALLE FABBRICHE ANDREA","Fondo Errano 2024","T0","T0","PLUV_CURR",1719705600,0
"ZESPRI","AZ. AGR. DALLE FABBRICHE ANDREA","Fondo Errano 2024","T0","T0","DRIPPER",1719705600,12.48
"ZESPRI","AZ. AGR. DALLE FABBRICHE ANDREA","Fondo Errano 2024","T1","T1 basso","PLUV_CURR",1719705600,0
"ZESPRI","AZ. AGR. DALLE FABBRICHE ANDREA","Fondo Errano 2024","T1","T1 basso","DRIPPER",1719705600,3.68
"ZESPRI","AZ. AGR. DALLE FABBRICHE ANDREA","Fondo Errano 2024","T1","T1 basso","ADVICE",1719705600,0.6213
"ZESPRI","AZ. AGR. DALLE FABBRICHE ANDREA","Fondo Errano 2024","T0","T0","DRIPPER",1719792000,12.17
"ZESPRI","AZ. AGR. DALLE FABBRICHE ANDREA","Fondo Errano 2024","T1","T1 basso","DRIPPER",1719792000,6.2
"ZESPRI","AZ. AGR. DALLE FABBRICHE ANDREA","Fondo Errano 2024","T1","T1 basso","PLUV_CURR",1719792000,0
"ZESPRI","AZ. AGR. DALLE FABBRICHE ANDREA","Fondo Errano 2024","T1","T1 basso","ADVICE",1719792000,3.3135
"ZESPRI","AZ. AGR. DALLE FABBRICHE ANDREA","Fondo Errano 2024","T0","T0","PLUV_CURR",1719792000,0
"ZESPRI","AZ. AGR. DALLE FABBRICHE ANDREA","Fondo Errano 2024","T0","T0","DRIPPER",1719878400,10.71
"ZESPRI","AZ. AGR. DALLE FABBRICHE ANDREA","Fondo Errano 2024","T0","T0","PLUV_CURR",1719878400,0
"ZESPRI","AZ. AGR. DALLE FABBRICHE ANDREA","Fondo Errano 2024","T1","T1 basso","ADVICE",1719878400,5.2978
"ZESPRI","AZ. AGR. DALLE FABBRICHE ANDREA","Fondo Errano 2024","T1","T1 basso","DRIPPER",1719878400,6.53
"ZESPRI","AZ. AGR. DALLE FABBRICHE ANDREA","Fondo Errano 2024","T1","T1 basso","PLUV_CURR",1719878400,0
"ZESPRI","AZ. AGR. DALLE FABBRICHE ANDREA","Fondo Errano 2024","T1","T1 basso","ADVICE",1719964800,6.2246
"ZESPRI","AZ. AGR. DALLE FABBRICHE ANDREA","Fondo Errano 2024","T1","T1 basso","PLUV_CURR",1719964800,0
"ZESPRI","AZ. AGR. DALLE FABBRICHE ANDREA","Fondo Errano 2024","T0","T0","PLUV_CURR",1719964800,0
"ZESPRI","AZ. AGR. DALLE FABBRICHE ANDREA","Fondo Errano 2024","T1","T1 basso","DRIPPER",1719964800,7.06
"ZESPRI","AZ. AGR. DALLE FABBRICHE ANDREA","Fondo Errano 2024","T0","T0","DRIPPER",1719964800,10.61
"ZESPRI","AZ. AGR. DALLE FABBRICHE ANDREA","Fondo Errano 2024","T0","T0","PLUV_CURR",1720051200,0
"ZESPRI","AZ. AGR. DALLE FABBRICHE ANDREA","Fondo Errano 2024","T1","T1 basso","ADVICE",1720051200,5.4332
"ZESPRI","AZ. AGR. DALLE FABBRICHE ANDREA","Fondo Errano 2024","T1","T1 basso","DRIPPER",1720051200,6.17
"ZESPRI","AZ. AGR. DALLE FABBRICHE ANDREA","Fondo Errano 2024","T0","T0","DRIPPER",1720051200,10.11
"ZESPRI","AZ. AGR. DALLE FABBRICHE ANDREA","Fondo Errano 2024","T1","T1 basso","PLUV_CURR",1720051200,0
"ZESPRI","AZ. AGR. DALLE FABBRICHE ANDREA","Fondo Errano 2024","T1","T1 basso","DRIPPER",1720137600,5.63
"ZESPRI","AZ. AGR. DALLE FABBRICHE ANDREA","Fondo Errano 2024","T0","T0","DRIPPER",1720137600,10.89
"ZESPRI","AZ. AGR. DALLE FABBRICHE ANDREA","Fondo Errano 2024","T1","T1 basso","PLUV_CURR",1720137600,0
"ZESPRI","AZ. AGR. DALLE FABBRICHE ANDREA","Fondo Errano 2024","T0","T0","PLUV_CURR",1720137600,0
"ZESPRI","AZ. AGR. DALLE FABBRICHE ANDREA","Fondo Errano 2024","T1","T1 basso","ADVICE",1720137600,5.2131
"ZESPRI","AZ. AGR. DALLE FABBRICHE ANDREA","Fondo Errano 2024","T1","T1 basso","PLUV_CURR",1720224000,0
"ZESPRI","AZ. AGR. DALLE FABBRICHE ANDREA","Fondo Errano 2024","T0","T0","PLUV_CURR",1720224000,0
"ZESPRI","AZ. AGR. DALLE FABBRICHE ANDREA","Fondo Errano 2024","T1","T1 basso","DRIPPER",1720224000,10.64
"ZESPRI","AZ. AGR. DALLE FABBRICHE ANDREA","Fondo Errano 2024","T0","T0","DRIPPER",1720224000,10.15
"ZESPRI","AZ. AGR. DALLE FABBRICHE ANDREA","Fondo Errano 2024","T1","T1 basso","ADVICE",1720224000,0
"ZESPRI","AZ. AGR. DALLE FABBRICHE ANDREA","Fondo Errano 2024","T1","T1 basso","ADVICE",1720310400,8.6717
"ZESPRI","AZ. AGR. DALLE FABBRICHE ANDREA","Fondo Errano 2024","T1","T1 basso","DRIPPER",1720310400,9.21
"ZESPRI","AZ. AGR. DALLE FABBRICHE ANDREA","Fondo Errano 2024","T0","T0","DRIPPER",1720310400,10.86
"ZESPRI","AZ. AGR. DALLE FABBRICHE ANDREA","Fondo Errano 2024","T0","T0","PLUV_CURR",1720310400,0
"ZESPRI","AZ. AGR. DALLE FABBRICHE ANDREA","Fondo Errano 2024","T1","T1 basso","PLUV_CURR",1720310400,0
"ZESPRI","AZ. AGR. DALLE FABBRICHE ANDREA","Fondo Errano 2024","T0","T0","DRIPPER",1720396800,10.11
"ZESPRI","AZ. AGR. DALLE FABBRICHE ANDREA","Fondo Errano 2024","T1","T1 basso","ADVICE",1720396800,7.4324
"ZESPRI","AZ. AGR. DALLE FABBRICHE ANDREA","Fondo Errano 2024","T1","T1 basso","PLUV_CURR",1720396800,0
"ZESPRI","AZ. AGR. DALLE FABBRICHE ANDREA","Fondo Errano 2024","T1","T1 basso","DRIPPER",1720396800,7.5
"ZESPRI","AZ. AGR. DALLE FABBRICHE ANDREA","Fondo Errano 2024","T0","T0","PLUV_CURR",1720396800,0
"ZESPRI","AZ. AGR. DALLE FABBRICHE ANDREA","Fondo Errano 2024","T0","T0","DRIPPER",1720483200,11.26
"ZESPRI","AZ. AGR. DALLE FABBRICHE ANDREA","Fondo Errano 2024","T1","T1 basso","DRIPPER",1720483200,7.27
"ZESPRI","AZ. AGR. DALLE FABBRICHE ANDREA","Fondo Errano 2024","T1","T1 basso","ADVICE",1720483200,6.1344
"ZESPRI","AZ. AGR. DALLE FABBRICHE ANDREA","Fondo Errano 2024","T0","T0","PLUV_CURR",1720483200,1
"ZESPRI","AZ. AGR. DALLE FABBRICHE ANDREA","Fondo Errano 2024","T1","T1 basso","PLUV_CURR",1720483200,1
"ZESPRI","AZ. AGR. DALLE FABBRICHE ANDREA","Fondo Errano 2024","T0","T0","DRIPPER",1720569600,12.38
"ZESPRI","AZ. AGR. DALLE FABBRICHE ANDREA","Fondo Errano 2024","T1","T1 basso","PLUV_CURR",1720569600,0
"ZESPRI","AZ. AGR. DALLE FABBRICHE ANDREA","Fondo Errano 2024","T1","T1 basso","DRIPPER",1720569600,7.53
"ZESPRI","AZ. AGR. DALLE FABBRICHE ANDREA","Fondo Errano 2024","T0","T0","PLUV_CURR",1720569600,0
"ZESPRI","AZ. AGR. DALLE FABBRICHE ANDREA","Fondo Errano 2024","T1","T1 basso","ADVICE",1720569600,6.3555
"ZESPRI","AZ. AGR. DALLE FABBRICHE ANDREA","Fondo Errano 2024","T0","T0","PLUV_CURR",1720656000,0
"ZESPRI","AZ. AGR. DALLE FABBRICHE ANDREA","Fondo Errano 2024","T1","T1 basso","PLUV_CURR",1720656000,0
"ZESPRI","AZ. AGR. DALLE FABBRICHE ANDREA","Fondo Errano 2024","T1","T1 basso","DRIPPER",1720656000,8.21
"ZESPRI","AZ. AGR. DALLE FABBRICHE ANDREA","Fondo Errano 2024","T1","T1 basso","ADVICE",1720656000,6.9943
"ZESPRI","AZ. AGR. DALLE FABBRICHE ANDREA","Fondo Errano 2024","T0","T0","DRIPPER",1720656000,13.95
"ZESPRI","AZ. AGR. DALLE FABBRICHE ANDREA","Fondo Errano 2024","T1","T1 basso","PLUV_CURR",1720742400,0
"ZESPRI","AZ. AGR. DALLE FABBRICHE ANDREA","Fondo Errano 2024","T1","T1 basso","ADVICE",1720742400,7.8842
"ZESPRI","AZ. AGR. DALLE FABBRICHE ANDREA","Fondo Errano 2024","T0","T0","DRIPPER",1720742400,13.77
"ZESPRI","AZ. AGR. DALLE FABBRICHE ANDREA","Fondo Errano 2024","T1","T1 basso","DRIPPER",1720742400,9.23
"ZESPRI","AZ. AGR. DALLE FABBRICHE ANDREA","Fondo Errano 2024","T0","T0","PLUV_CURR",1720742400,0
"ZESPRI","AZ. AGR. DALLE FABBRICHE ANDREA","Fondo Errano 2024","T0","T0","PLUV_CURR",1720828800,0
"ZESPRI","AZ. AGR. DALLE FABBRICHE ANDREA","Fondo Errano 2024","T1","T1 basso","ADVICE",1720828800,8.6162
"ZESPRI","AZ. AGR. DALLE FABBRICHE ANDREA","Fondo Errano 2024","T0","T0","DRIPPER",1720828800,13.67
"ZESPRI","AZ. AGR. DALLE FABBRICHE ANDREA","Fondo Errano 2024","T1","T1 basso","PLUV_CURR",1720828800,0
"ZESPRI","AZ. AGR. DALLE FABBRICHE ANDREA","Fondo Errano 2024","T1","T1 basso","DRIPPER",1720828800,10.22
"ZESPRI","AZ. AGR. DALLE FABBRICHE ANDREA","Fondo Errano 2024","T0","T0","DRIPPER",1720915200,13.33
"ZESPRI","AZ. AGR. DALLE FABBRICHE ANDREA","Fondo Errano 2024","T0","T0","PLUV_CURR",1720915200,0
"ZESPRI","AZ. AGR. DALLE FABBRICHE ANDREA","Fondo Errano 2024","T1","T1 basso","ADVICE",1720915200,9.4577
"ZESPRI","AZ. AGR. DALLE FABBRICHE ANDREA","Fondo Errano 2024","T1","T1 basso","DRIPPER",1720915200,10.89
"ZESPRI","AZ. AGR. DALLE FABBRICHE ANDREA","Fondo Errano 2024","T1","T1 basso","PLUV_CURR",1720915200,0
"ZESPRI","AZ. AGR. DALLE FABBRICHE ANDREA","Fondo Errano 2024","T0","T0","PLUV_CURR",1721001600,0
"ZESPRI","AZ. AGR. DALLE FABBRICHE ANDREA","Fondo Errano 2024","T1","T1 basso","PLUV_CURR",1721001600,0
"ZESPRI","AZ. AGR. DALLE FABBRICHE ANDREA","Fondo Errano 2024","T0","T0","DRIPPER",1721001600,11
"ZESPRI","AZ. AGR. DALLE FABBRICHE ANDREA","Fondo Errano 2024","T1","T1 basso","DRIPPER",1721001600,12.02
"ZESPRI","AZ. AGR. DALLE FABBRICHE ANDREA","Fondo Errano 2024","T1","T1 basso","ADVICE",1721001600,10.1871
"ZESPRI","AZ. AGR. DALLE FABBRICHE ANDREA","Fondo Errano 2024","T0","T0","PLUV_CURR",1721088000,0
"ZESPRI","AZ. AGR. DALLE FABBRICHE ANDREA","Fondo Errano 2024","T0","T0","DRIPPER",1721088000,12.1
"ZESPRI","AZ. AGR. DALLE FABBRICHE ANDREA","Fondo Errano 2024","T1","T1 basso","PLUV_CURR",1721088000,0
"ZESPRI","AZ. AGR. DALLE FABBRICHE ANDREA","Fondo Errano 2024","T1","T1 basso","ADVICE",1721088000,1.2079
"ZESPRI","AZ. AGR. DALLE FABBRICHE ANDREA","Fondo Errano 2024","T1","T1 basso","DRIPPER",1721088000,12.29
"ZESPRI","AZ. AGR. DALLE FABBRICHE ANDREA","Fondo Errano 2024","T0","T0","DRIPPER",1721174400,13.4
"ZESPRI","AZ. AGR. DALLE FABBRICHE ANDREA","Fondo Errano 2024","T1","T1 basso","PLUV_CURR",1721174400,0
"ZESPRI","AZ. AGR. DALLE FABBRICHE ANDREA","Fondo Errano 2024","T1","T1 basso","ADVICE",1721174400,11.5781
"ZESPRI","AZ. AGR. DALLE FABBRICHE ANDREA","Fondo Errano 2024","T0","T0","PLUV_CURR",1721174400,0
"ZESPRI","AZ. AGR. DALLE FABBRICHE ANDREA","Fondo Errano 2024","T1","T1 basso","DRIPPER",1721174400,13.53
"ZESPRI","AZ. AGR. DALLE FABBRICHE ANDREA","Fondo Errano 2024","T0","T0","DRIPPER",1721260800,13.16
"ZESPRI","AZ. AGR. DALLE FABBRICHE ANDREA","Fondo Errano 2024","T0","T0","PLUV_CURR",1721260800,0
"ZESPRI","AZ. AGR. DALLE FABBRICHE ANDREA","Fondo Errano 2024","T1","T1 basso","DRIPPER",1721260800,7.53
"ZESPRI","AZ. AGR. DALLE FABBRICHE ANDREA","Fondo Errano 2024","T1","T1 basso","PLUV_CURR",1721260800,0
"ZESPRI","AZ. AGR. DALLE FABBRICHE ANDREA","Fondo Errano 2024","T1","T1 basso","ADVICE",1721260800,6.5027
"ZESPRI","AZ. AGR. DALLE FABBRICHE ANDREA","Fondo Errano 2024","T1","T1 basso","PLUV_CURR",1721347200,0
"ZESPRI","AZ. AGR. DALLE FABBRICHE ANDREA","Fondo Errano 2024","T1","T1 basso","DRIPPER",1721347200,8.78
"ZESPRI","AZ. AGR. DALLE FABBRICHE ANDREA","Fondo Errano 2024","T0","T0","DRIPPER",1721347200,12.87
"ZESPRI","AZ. AGR. DALLE FABBRICHE ANDREA","Fondo Errano 2024","T0","T0","PLUV_CURR",1721347200,0
"ZESPRI","AZ. AGR. DALLE FABBRICHE ANDREA","Fondo Errano 2024","T1","T1 basso","ADVICE",1721347200,7.6589
"ZESPRI","AZ. AGR. DALLE FABBRICHE ANDREA","Fondo Errano 2024","T1","T1 basso","ADVICE",1721433600,8.5047
"ZESPRI","AZ. AGR. DALLE FABBRICHE ANDREA","Fondo Errano 2024","T1","T1 basso","PLUV_CURR",1721433600,0
"ZESPRI","AZ. AGR. DALLE FABBRICHE ANDREA","Fondo Errano 2024","T0","T0","DRIPPER",1721433600,10.47
"ZESPRI","AZ. AGR. DALLE FABBRICHE ANDREA","Fondo Errano 2024","T1","T1 basso","DRIPPER",1721433600,9.75
"ZESPRI","AZ. AGR. DALLE FABBRICHE ANDREA","Fondo Errano 2024","T0","T0","PLUV_CURR",1721433600,0
"ZESPRI","AZ. AGR. DALLE FABBRICHE ANDREA","Fondo Errano 2024","T0","T0","DRIPPER",1721520000,10
"ZESPRI","AZ. AGR. DALLE FABBRICHE ANDREA","Fondo Errano 2024","T0","T0","PLUV_CURR",1721520000,0
"ZESPRI","AZ. AGR. DALLE FABBRICHE ANDREA","Fondo Errano 2024","T1","T1 basso","ADVICE",1721520000,8.9151
"ZESPRI","AZ. AGR. DALLE FABBRICHE ANDREA","Fondo Errano 2024","T1","T1 basso","PLUV_CURR",1721520000,0
"ZESPRI","AZ. AGR. DALLE FABBRICHE ANDREA","Fondo Errano 2024","T1","T1 basso","DRIPPER",1721520000,10.43
"ZESPRI","AZ. AGR. DALLE FABBRICHE ANDREA","Fondo Errano 2024","T1","T1 basso","ADVICE",1721606400,9.4668
"ZESPRI","AZ. AGR. DALLE FABBRICHE ANDREA","Fondo Errano 2024","T0","T0","DRIPPER",1721606400,10.81
"ZESPRI","AZ. AGR. DALLE FABBRICHE ANDREA","Fondo Errano 2024","T1","T1 basso","DRIPPER",1721606400,10.93
"ZESPRI","AZ. AGR. DALLE FABBRICHE ANDREA","Fondo Errano 2024","T1","T1 basso","PLUV_CURR",1721606400,0.2
"ZESPRI","AZ. AGR. DALLE FABBRICHE ANDREA","Fondo Errano 2024","T0","T0","PLUV_CURR",1721606400,0.2
"ZESPRI","AZ. AGR. DALLE FABBRICHE ANDREA","Fondo Errano 2024","T1","T1 basso","DRIPPER",1721692800,10.41
"ZESPRI","AZ. AGR. DALLE FABBRICHE ANDREA","Fondo Errano 2024","T1","T1 basso","PLUV_CURR",1721692800,0
"ZESPRI","AZ. AGR. DALLE FABBRICHE ANDREA","Fondo Errano 2024","T0","T0","DRIPPER",1721692800,10.89
"ZESPRI","AZ. AGR. DALLE FABBRICHE ANDREA","Fondo Errano 2024","T0","T0","PLUV_CURR",1721692800,0
"ZESPRI","AZ. AGR. DALLE FABBRICHE ANDREA","Fondo Errano 2024","T1","T1 basso","ADVICE",1721692800,8.7687
"ZESPRI","AZ. AGR. DALLE FABBRICHE ANDREA","Fondo Errano 2024","T1","T1 basso","PLUV_CURR",1721779200,1
"ZESPRI","AZ. AGR. DALLE FABBRICHE ANDREA","Fondo Errano 2024","T0","T0","PLUV_CURR",1721779200,1
"ZESPRI","AZ. AGR. DALLE FABBRICHE ANDREA","Fondo Errano 2024","T0","T0","DRIPPER",1721779200,10.86
"ZESPRI","AZ. AGR. DALLE FABBRICHE ANDREA","Fondo Errano 2024","T1","T1 basso","DRIPPER",1721779200,11.06
"ZESPRI","AZ. AGR. DALLE FABBRICHE ANDREA","Fondo Errano 2024","T1","T1 basso","ADVICE",1721779200,9.5067
"ZESPRI","AZ. AGR. DALLE FABBRICHE ANDREA","Fondo Errano 2024","T1","T1 basso","ADVICE",1721865600,0.200100000000001
"ZESPRI","AZ. AGR. DALLE FABBRICHE ANDREA","Fondo Errano 2024","T0","T0","DRIPPER",1721865600,9.84
"ZESPRI","AZ. AGR. DALLE FABBRICHE ANDREA","Fondo Errano 2024","T0","T0","PLUV_CURR",1721865600,0
"ZESPRI","AZ. AGR. DALLE FABBRICHE ANDREA","Fondo Errano 2024","T1","T1 basso","PLUV_CURR",1721865600,0
"ZESPRI","AZ. AGR. DALLE FABBRICHE ANDREA","Fondo Errano 2024","T1","T1 basso","DRIPPER",1721865600,10.41
"ZESPRI","AZ. AGR. DALLE FABBRICHE ANDREA","Fondo Errano 2024","T1","T1 basso","PLUV_CURR",1721952000,0
"ZESPRI","AZ. AGR. DALLE FABBRICHE ANDREA","Fondo Errano 2024","T1","T1 basso","ADVICE",1721952000,9.4456
"ZESPRI","AZ. AGR. DALLE FABBRICHE ANDREA","Fondo Errano 2024","T0","T0","DRIPPER",1721952000,9.94
"ZESPRI","AZ. AGR. DALLE FABBRICHE ANDREA","Fondo Errano 2024","T1","T1 basso","DRIPPER",1721952000,10.94
"ZESPRI","AZ. AGR. DALLE FABBRICHE ANDREA","Fondo Errano 2024","T0","T0","PLUV_CURR",1721952000,0
"ZESPRI","AZ. AGR. DALLE FABBRICHE ANDREA","Fondo Errano 2024","T1","T1 basso","DRIPPER",1722038400,11.91
"ZESPRI","AZ. AGR. DALLE FABBRICHE ANDREA","Fondo Errano 2024","T1","T1 basso","ADVICE",1722038400,10.3975
"ZESPRI","AZ. AGR. DALLE FABBRICHE ANDREA","Fondo Errano 2024","T0","T0","DRIPPER",1722038400,9.4
"ZESPRI","AZ. AGR. DALLE FABBRICHE ANDREA","Fondo Errano 2024","T0","T0","PLUV_CURR",1722038400,0
"ZESPRI","AZ. AGR. DALLE FABBRICHE ANDREA","Fondo Errano 2024","T1","T1 basso","PLUV_CURR",1722038400,0
"ZESPRI","AZ. AGR. DALLE FABBRICHE ANDREA","Fondo Errano 2024","T1","T1 basso","PLUV_CURR",1722124800,0
"ZESPRI","AZ. AGR. DALLE FABBRICHE ANDREA","Fondo Errano 2024","T1","T1 basso","DRIPPER",1722124800,13.07
"ZESPRI","AZ. AGR. DALLE FABBRICHE ANDREA","Fondo Errano 2024","T1","T1 basso","ADVICE",1722124800,11.7046
"ZESPRI","AZ. AGR. DALLE FABBRICHE ANDREA","Fondo Errano 2024","T0","T0","DRIPPER",1722124800,9.47
"ZESPRI","AZ. AGR. DALLE FABBRICHE ANDREA","Fondo Errano 2024","T0","T0","PLUV_CURR",1722124800,0
"ZESPRI","AZ. AGR. DALLE FABBRICHE ANDREA","Fondo Errano 2024","T1","T1 basso","PLUV_CURR",1722211200,0
"ZESPRI","AZ. AGR. DALLE FABBRICHE ANDREA","Fondo Errano 2024","T1","T1 basso","ADVICE",1722211200,12
"ZESPRI","AZ. AGR. DALLE FABBRICHE ANDREA","Fondo Errano 2024","T1","T1 basso","DRIPPER",1722211200,11.46
"ZESPRI","AZ. AGR. DALLE FABBRICHE ANDREA","Fondo Errano 2024","T0","T0","DRIPPER",1722211200,7.4
"ZESPRI","AZ. AGR. DALLE FABBRICHE ANDREA","Fondo Errano 2024","T0","T0","PLUV_CURR",1722211200,0
"ZESPRI","AZ. AGR. DALLE FABBRICHE ANDREA","Fondo Errano 2024","T1","T1 basso","ADVICE",1722297600,10.7485
"ZESPRI","AZ. AGR. DALLE FABBRICHE ANDREA","Fondo Errano 2024","T1","T1 basso","DRIPPER",1722297600,11.31
"ZESPRI","AZ. AGR. DALLE FABBRICHE ANDREA","Fondo Errano 2024","T0","T0","DRIPPER",1722297600,7.05
"ZESPRI","AZ. AGR. DALLE FABBRICHE ANDREA","Fondo Errano 2024","T1","T1 basso","PLUV_CURR",1722297600,0
"ZESPRI","AZ. AGR. DALLE FABBRICHE ANDREA","Fondo Errano 2024","T0","T0","PLUV_CURR",1722297600,0
"ZESPRI","AZ. AGR. DALLE FABBRICHE ANDREA","Fondo Errano 2024","T1","T1 basso","DRIPPER",1722384000,12.97
"ZESPRI","AZ. AGR. DALLE FABBRICHE ANDREA","Fondo Errano 2024","T1","T1 basso","PLUV_CURR",1722384000,0
"ZESPRI","AZ. AGR. DALLE FABBRICHE ANDREA","Fondo Errano 2024","T0","T0","PLUV_CURR",1722384000,0
"ZESPRI","AZ. AGR. DALLE FABBRICHE ANDREA","Fondo Errano 2024","T0","T0","DRIPPER",1722384000,13.61
"ZESPRI","AZ. AGR. DALLE FABBRICHE ANDREA","Fondo Errano 2024","T1","T1 basso","ADVICE",1722384000,11.037
"ZESPRI","AZ. AGR. DALLE FABBRICHE ANDREA","Fondo Errano 2024","T1","T1 basso","ADVICE",1722470400,12
"ZESPRI","AZ. AGR. DALLE FABBRICHE ANDREA","Fondo Errano 2024","T1","T1 basso","DRIPPER",1722470400,14.2
"ZESPRI","AZ. AGR. DALLE FABBRICHE ANDREA","Fondo Errano 2024","T1","T1 basso","PLUV_CURR",1722470400,0
"ZESPRI","AZ. AGR. DALLE FABBRICHE ANDREA","Fondo Errano 2024","T0","T0","PLUV_CURR",1722470400,0
"ZESPRI","AZ. AGR. DALLE FABBRICHE ANDREA","Fondo Errano 2024","T0","T0","DRIPPER",1722470400,13.38
"ZESPRI","AZ. AGR. DALLE FABBRICHE ANDREA","Fondo Errano 2024","T1","T1 basso","DRIPPER",1722556800,12.98
"ZESPRI","AZ. AGR. DALLE FABBRICHE ANDREA","Fondo Errano 2024","T0","T0","PLUV_CURR",1722556800,0
"ZESPRI","AZ. AGR. DALLE FABBRICHE ANDREA","Fondo Errano 2024","T1","T1 basso","PLUV_CURR",1722556800,0
"ZESPRI","AZ. AGR. DALLE FABBRICHE ANDREA","Fondo Errano 2024","T0","T0","DRIPPER",1722556800,13.06
"ZESPRI","AZ. AGR. DALLE FABBRICHE ANDREA","Fondo Errano 2024","T1","T1 basso","ADVICE",1722556800,12
"ZESPRI","AZ. AGR. DALLE FABBRICHE ANDREA","Fondo Errano 2024","T0","T0","DRIPPER",1722643200,4.06
"ZESPRI","AZ. AGR. DALLE FABBRICHE ANDREA","Fondo Errano 2024","T1","T1 basso","DRIPPER",1722643200,13.56
"ZESPRI","AZ. AGR. DALLE FABBRICHE ANDREA","Fondo Errano 2024","T1","T1 basso","ADVICE",1722643200,12
"ZESPRI","AZ. AGR. DALLE FABBRICHE ANDREA","Fondo Errano 2024","T1","T1 basso","PLUV_CURR",1722643200,9
"ZESPRI","AZ. AGR. DALLE FABBRICHE ANDREA","Fondo Errano 2024","T0","T0","PLUV_CURR",1722643200,9
"ZESPRI","AZ. AGR. DALLE FABBRICHE ANDREA","Fondo Errano 2024","T1","T1 basso","DRIPPER",1722729600,2.28
"ZESPRI","AZ. AGR. DALLE FABBRICHE ANDREA","Fondo Errano 2024","T0","T0","PLUV_CURR",1722729600,0
"ZESPRI","AZ. AGR. DALLE FABBRICHE ANDREA","Fondo Errano 2024","T1","T1 basso","PLUV_CURR",1722729600,0
"ZESPRI","AZ. AGR. DALLE FABBRICHE ANDREA","Fondo Errano 2024","T1","T1 basso","ADVICE",1722729600,11.8169
"ZESPRI","AZ. AGR. DALLE FABBRICHE ANDREA","Fondo Errano 2024","T0","T0","DRIPPER",1722729600,8.62
"ZESPRI","AZ. AGR. DALLE FABBRICHE ANDREA","Fondo Errano 2024","T1","T1 basso","ADVICE",1722816000,2.8297
"ZESPRI","AZ. AGR. DALLE FABBRICHE ANDREA","Fondo Errano 2024","T0","T0","DRIPPER",1722816000,8.04
"ZESPRI","AZ. AGR. DALLE FABBRICHE ANDREA","Fondo Errano 2024","T1","T1 basso","PLUV_CURR",1722816000,0
"ZESPRI","AZ. AGR. DALLE FABBRICHE ANDREA","Fondo Errano 2024","T0","T0","PLUV_CURR",1722816000,0
"ZESPRI","AZ. AGR. DALLE FABBRICHE ANDREA","Fondo Errano 2024","T1","T1 basso","DRIPPER",1722816000,3.1
"ZESPRI","AZ. AGR. DALLE FABBRICHE ANDREA","Fondo Errano 2024","T0","T0","PLUV_CURR",1722902400,0
"ZESPRI","AZ. AGR. DALLE FABBRICHE ANDREA","Fondo Errano 2024","T1","T1 basso","ADVICE",1722902400,3.9649
"ZESPRI","AZ. AGR. DALLE FABBRICHE ANDREA","Fondo Errano 2024","T1","T1 basso","PLUV_CURR",1722902400,0
"ZESPRI","AZ. AGR. DALLE FABBRICHE ANDREA","Fondo Errano 2024","T0","T0","DRIPPER",1722902400,8.11
"ZESPRI","AZ. AGR. DALLE FABBRICHE ANDREA","Fondo Errano 2024","T1","T1 basso","DRIPPER",1722902400,4.68
"ZESPRI","AZ. AGR. DALLE FABBRICHE ANDREA","Fondo Errano 2024","T1","T1 basso","ADVICE",1722988800,5.6545
"ZESPRI","AZ. AGR. DALLE FABBRICHE ANDREA","Fondo Errano 2024","T1","T1 basso","DRIPPER",1722988800,6.63
"ZESPRI","AZ. AGR. DALLE FABBRICHE ANDREA","Fondo Errano 2024","T1","T1 basso","PLUV_CURR",1722988800,8.2
"ZESPRI","AZ. AGR. DALLE FABBRICHE ANDREA","Fondo Errano 2024","T0","T0","PLUV_CURR",1722988800,8.2
"ZESPRI","AZ. AGR. DALLE FABBRICHE ANDREA","Fondo Errano 2024","T0","T0","DRIPPER",1722988800,8.81
"ZESPRI","AZ. AGR. DALLE FABBRICHE ANDREA","Fondo Errano 2024","T1","T1 basso","PLUV_CURR",1723075200,0
"ZESPRI","AZ. AGR. DALLE FABBRICHE ANDREA","Fondo Errano 2024","T1","T1 basso","ADVICE",1723075200,5.7033
"ZESPRI","AZ. AGR. DALLE FABBRICHE ANDREA","Fondo Errano 2024","T0","T0","DRIPPER",1723075200,0.24
"ZESPRI","AZ. AGR. DALLE FABBRICHE ANDREA","Fondo Errano 2024","T0","T0","PLUV_CURR",1723075200,0
"ZESPRI","AZ. AGR. DALLE FABBRICHE ANDREA","Fondo Errano 2024","T1","T1 basso","DRIPPER",1723075200,6.6
"ZESPRI","AZ. AGR. DALLE FABBRICHE ANDREA","Fondo Errano 2024","T0","T0","DRIPPER",1723161600,10.72
"ZESPRI","AZ. AGR. DALLE FABBRICHE ANDREA","Fondo Errano 2024","T0","T0","PLUV_CURR",1723161600,0
"ZESPRI","AZ. AGR. DALLE FABBRICHE ANDREA","Fondo Errano 2024","T1","T1 basso","PLUV_CURR",1723161600,0
"ZESPRI","AZ. AGR. DALLE FABBRICHE ANDREA","Fondo Errano 2024","T1","T1 basso","DRIPPER",1723161600,10.98
"ZESPRI","AZ. AGR. DALLE FABBRICHE ANDREA","Fondo Errano 2024","T1","T1 basso","ADVICE",1723161600,0
"ZESPRI","AZ. AGR. DALLE FABBRICHE ANDREA","Fondo Errano 2024","T0","T0","PLUV_CURR",1723248000,0
"ZESPRI","AZ. AGR. DALLE FABBRICHE ANDREA","Fondo Errano 2024","T1","T1 basso","DRIPPER",1723248000,13.41
"ZESPRI","AZ. AGR. DALLE FABBRICHE ANDREA","Fondo Errano 2024","T1","T1 basso","PLUV_CURR",1723248000,0
"ZESPRI","AZ. AGR. DALLE FABBRICHE ANDREA","Fondo Errano 2024","T0","T0","DRIPPER",1723248000,10.37
"ZESPRI","AZ. AGR. DALLE FABBRICHE ANDREA","Fondo Errano 2024","T1","T1 basso","ADVICE",1723248000,11.5378
"ZESPRI","AZ. AGR. DALLE FABBRICHE ANDREA","Fondo Errano 2024","T1","T1 basso","PLUV_CURR",1723334400,0
"ZESPRI","AZ. AGR. DALLE FABBRICHE ANDREA","Fondo Errano 2024","T0","T0","PLUV_CURR",1723334400,0
"ZESPRI","AZ. AGR. DALLE FABBRICHE ANDREA","Fondo Errano 2024","T0","T0","DRIPPER",1723334400,10.84
"ZESPRI","AZ. AGR. DALLE FABBRICHE ANDREA","Fondo Errano 2024","T1","T1 basso","ADVICE",1723334400,12
"ZESPRI","AZ. AGR. DALLE FABBRICHE ANDREA","Fondo Errano 2024","T1","T1 basso","DRIPPER",1723334400,13.97
"ZESPRI","AZ. AGR. DALLE FABBRICHE ANDREA","Fondo Errano 2024","T1","T1 basso","DRIPPER",1723420800,13.95
"ZESPRI","AZ. AGR. DALLE FABBRICHE ANDREA","Fondo Errano 2024","T0","T0","PLUV_CURR",1723420800,0
"ZESPRI","AZ. AGR. DALLE FABBRICHE ANDREA","Fondo Errano 2024","T1","T1 basso","ADVICE",1723420800,12
"ZESPRI","AZ. AGR. DALLE FABBRICHE ANDREA","Fondo Errano 2024","T0","T0","DRIPPER",1723420800,10.74
"ZESPRI","AZ. AGR. DALLE FABBRICHE ANDREA","Fondo Errano 2024","T1","T1 basso","PLUV_CURR",1723420800,0
"ZESPRI","AZ. AGR. DALLE FABBRICHE ANDREA","Fondo Errano 2024","T0","T0","DRIPPER",1723507200,9.75
"ZESPRI","AZ. AGR. DALLE FABBRICHE ANDREA","Fondo Errano 2024","T1","T1 basso","PLUV_CURR",1723507200,2.2
"ZESPRI","AZ. AGR. DALLE FABBRICHE ANDREA","Fondo Errano 2024","T1","T1 basso","ADVICE",1723507200,12
"ZESPRI","AZ. AGR. DALLE FABBRICHE ANDREA","Fondo Errano 2024","T0","T0","PLUV_CURR",1723507200,2.2
"ZESPRI","AZ. AGR. DALLE FABBRICHE ANDREA","Fondo Errano 2024","T1","T1 basso","DRIPPER",1723507200,13.92
"ZESPRI","AZ. AGR. DALLE FABBRICHE ANDREA","Fondo Errano 2024","T0","T0","DRIPPER",1723593600,9.78
"ZESPRI","AZ. AGR. DALLE FABBRICHE ANDREA","Fondo Errano 2024","T0","T0","PLUV_CURR",1723593600,0.6
"ZESPRI","AZ. AGR. DALLE FABBRICHE ANDREA","Fondo Errano 2024","T1","T1 basso","DRIPPER",1723593600,14.09
"ZESPRI","AZ. AGR. DALLE FABBRICHE ANDREA","Fondo Errano 2024","T1","T1 basso","PLUV_CURR",1723593600,0.6
"ZESPRI","AZ. AGR. DALLE FABBRICHE ANDREA","Fondo Errano 2024","T1","T1 basso","ADVICE",1723593600,12
"ZESPRI","AZ. AGR. DALLE FABBRICHE ANDREA","Fondo Errano 2024","T0","T0","DRIPPER",1723680000,7.24
"ZESPRI","AZ. AGR. DALLE FABBRICHE ANDREA","Fondo Errano 2024","T1","T1 basso","PLUV_CURR",1723680000,0
"ZESPRI","AZ. AGR. DALLE FABBRICHE ANDREA","Fondo Errano 2024","T1","T1 basso","ADVICE",1723680000,12
"ZESPRI","AZ. AGR. DALLE FABBRICHE ANDREA","Fondo Errano 2024","T1","T1 basso","DRIPPER",1723680000,13.89
"ZESPRI","AZ. AGR. DALLE FABBRICHE ANDREA","Fondo Errano 2024","T0","T0","PLUV_CURR",1723680000,0
"ZESPRI","AZ. AGR. DALLE FABBRICHE ANDREA","Fondo Errano 2024","T1","T1 basso","PLUV_CURR",1723766400,0
"ZESPRI","AZ. AGR. DALLE FABBRICHE ANDREA","Fondo Errano 2024","T1","T1 basso","ADVICE",1723766400,12
"ZESPRI","AZ. AGR. DALLE FABBRICHE ANDREA","Fondo Errano 2024","T0","T0","PLUV_CURR",1723766400,0
"ZESPRI","AZ. AGR. DALLE FABBRICHE ANDREA","Fondo Errano 2024","T1","T1 basso","DRIPPER",1723766400,13.85
"ZESPRI","AZ. AGR. DALLE FABBRICHE ANDREA","Fondo Errano 2024","T0","T0","DRIPPER",1723766400,4.75
"ZESPRI","AZ. AGR. DALLE FABBRICHE ANDREA","Fondo Errano 2024","T0","T0","DRIPPER",1723852800,10.03
"ZESPRI","AZ. AGR. DALLE FABBRICHE ANDREA","Fondo Errano 2024","T1","T1 basso","PLUV_CURR",1723852800,9.2
"ZESPRI","AZ. AGR. DALLE FABBRICHE ANDREA","Fondo Errano 2024","T1","T1 basso","DRIPPER",1723852800,13.92
"ZESPRI","AZ. AGR. DALLE FABBRICHE ANDREA","Fondo Errano 2024","T1","T1 basso","ADVICE",1723852800,12
"ZESPRI","AZ. AGR. DALLE FABBRICHE ANDREA","Fondo Errano 2024","T0","T0","PLUV_CURR",1723852800,9.2
"ZESPRI","AZ. AGR. DALLE FABBRICHE ANDREA","Fondo Errano 2024","T1","T1 basso","ADVICE",1723939200,12
"ZESPRI","AZ. AGR. DALLE FABBRICHE ANDREA","Fondo Errano 2024","T1","T1 basso","PLUV_CURR",1723939200,0
"ZESPRI","AZ. AGR. DALLE FABBRICHE ANDREA","Fondo Errano 2024","T0","T0","DRIPPER",1723939200,0
"ZESPRI","AZ. AGR. DALLE FABBRICHE ANDREA","Fondo Errano 2024","T1","T1 basso","DRIPPER",1723939200,14.02
"ZESPRI","AZ. AGR. DALLE FABBRICHE ANDREA","Fondo Errano 2024","T0","T0","PLUV_CURR",1723939200,0
"ZESPRI","AZ. AGR. DALLE FABBRICHE ANDREA","Fondo Errano 2024","T0","T0","DRIPPER",1724025600,0
"ZESPRI","AZ. AGR. DALLE FABBRICHE ANDREA","Fondo Errano 2024","T1","T1 basso","PLUV_CURR",1724025600,21
"ZESPRI","AZ. AGR. DALLE FABBRICHE ANDREA","Fondo Errano 2024","T1","T1 basso","ADVICE",1724025600,NULL
"ZESPRI","AZ. AGR. DALLE FABBRICHE ANDREA","Fondo Errano 2024","T0","T0","PLUV_CURR",1724025600,21
"ZESPRI","AZ. AGR. DALLE FABBRICHE ANDREA","Fondo Errano 2024","T1","T1 basso","DRIPPER",1724025600,0
"ZESPRI","AZ. AGR. DALLE FABBRICHE ANDREA","Fondo Errano 2024","T0","T0","DRIPPER",1724112000,0
"ZESPRI","AZ. AGR. DALLE FABBRICHE ANDREA","Fondo Errano 2024","T0","T0","PLUV_CURR",1724112000,16.6
"ZESPRI","AZ. AGR. DALLE FABBRICHE ANDREA","Fondo Errano 2024","T1","T1 basso","DRIPPER",1724112000,0
"ZESPRI","AZ. AGR. DALLE FABBRICHE ANDREA","Fondo Errano 2024","T1","T1 basso","ADVICE",1724112000,0
"ZESPRI","AZ. AGR. DALLE FABBRICHE ANDREA","Fondo Errano 2024","T1","T1 basso","PLUV_CURR",1724112000,16.6
"ZESPRI","AZ. AGR. DALLE FABBRICHE ANDREA","Fondo Errano 2024","T0","T0","DRIPPER",1724198400,0.01
"ZESPRI","AZ. AGR. DALLE FABBRICHE ANDREA","Fondo Errano 2024","T0","T0","PLUV_CURR",1724198400,0
"ZESPRI","AZ. AGR. DALLE FABBRICHE ANDREA","Fondo Errano 2024","T1","T1 basso","PLUV_CURR",1724198400,0
"ZESPRI","AZ. AGR. DALLE FABBRICHE ANDREA","Fondo Errano 2024","T1","T1 basso","DRIPPER",1724198400,0
"ZESPRI","AZ. AGR. DALLE FABBRICHE ANDREA","Fondo Errano 2024","T1","T1 basso","ADVICE",1724198400,0
"ZESPRI","AZ. AGR. DALLE FABBRICHE ANDREA","Fondo Errano 2024","T1","T1 basso","DRIPPER",1724284800,0
"ZESPRI","AZ. AGR. DALLE FABBRICHE ANDREA","Fondo Errano 2024","T0","T0","DRIPPER",1724284800,0
"ZESPRI","AZ. AGR. DALLE FABBRICHE ANDREA","Fondo Errano 2024","T0","T0","PLUV_CURR",1724284800,0
"ZESPRI","AZ. AGR. DALLE FABBRICHE ANDREA","Fondo Errano 2024","T1","T1 basso","PLUV_CURR",1724284800,0
"ZESPRI","AZ. AGR. DALLE FABBRICHE ANDREA","Fondo Errano 2024","T1","T1 basso","ADVICE",1724284800,0.0469
"ZESPRI","AZ. AGR. DALLE FABBRICHE ANDREA","Fondo Errano 2024","T1","T1 basso","PLUV_CURR",1724371200,0
"ZESPRI","AZ. AGR. DALLE FABBRICHE ANDREA","Fondo Errano 2024","T1","T1 basso","DRIPPER",1724371200,0
"ZESPRI","AZ. AGR. DALLE FABBRICHE ANDREA","Fondo Errano 2024","T0","T0","DRIPPER",1724371200,7.01
"ZESPRI","AZ. AGR. DALLE FABBRICHE ANDREA","Fondo Errano 2024","T1","T1 basso","ADVICE",1724371200,0.584
"ZESPRI","AZ. AGR. DALLE FABBRICHE ANDREA","Fondo Errano 2024","T0","T0","PLUV_CURR",1724371200,0
"ZESPRI","AZ. AGR. DALLE FABBRICHE ANDREA","Fondo Errano 2024","T1","T1 basso","DRIPPER",1724457600,2.87
"ZESPRI","AZ. AGR. DALLE FABBRICHE ANDREA","Fondo Errano 2024","T1","T1 basso","PLUV_CURR",1724457600,0
"ZESPRI","AZ. AGR. DALLE FABBRICHE ANDREA","Fondo Errano 2024","T1","T1 basso","ADVICE",1724457600,2.3246
"ZESPRI","AZ. AGR. DALLE FABBRICHE ANDREA","Fondo Errano 2024","T0","T0","PLUV_CURR",1724457600,0
"ZESPRI","AZ. AGR. DALLE FABBRICHE ANDREA","Fondo Errano 2024","T0","T0","DRIPPER",1724457600,4.63
"ZESPRI","AZ. AGR. DALLE FABBRICHE ANDREA","Fondo Errano 2024","T0","T0","DRIPPER",1724544000,4.3
"ZESPRI","AZ. AGR. DALLE FABBRICHE ANDREA","Fondo Errano 2024","T1","T1 basso","PLUV_CURR",1724544000,0
"ZESPRI","AZ. AGR. DALLE FABBRICHE ANDREA","Fondo Errano 2024","T1","T1 basso","DRIPPER",1724544000,2.02
"ZESPRI","AZ. AGR. DALLE FABBRICHE ANDREA","Fondo Errano 2024","T1","T1 basso","ADVICE",1724544000,1.5889
"ZESPRI","AZ. AGR. DALLE FABBRICHE ANDREA","Fondo Errano 2024","T0","T0","PLUV_CURR",1724544000,0
"ZESPRI","AZ. AGR. DALLE FABBRICHE ANDREA","Fondo Errano 2024","T0","T0","DRIPPER",1724630400,6.07
"ZESPRI","AZ. AGR. DALLE FABBRICHE ANDREA","Fondo Errano 2024","T1","T1 basso","PLUV_CURR",1724630400,0
"ZESPRI","AZ. AGR. DALLE FABBRICHE ANDREA","Fondo Errano 2024","T1","T1 basso","DRIPPER",1724630400,3.93
"ZESPRI","AZ. AGR. DALLE FABBRICHE ANDREA","Fondo Errano 2024","T0","T0","PLUV_CURR",1724630400,0
"ZESPRI","AZ. AGR. DALLE FABBRICHE ANDREA","Fondo Errano 2024","T1","T1 basso","ADVICE",1724630400,3.2639
"ZESPRI","AZ. AGR. DALLE FABBRICHE ANDREA","Fondo Errano 2024","T0","T0","PLUV_CURR",1724716800,3
"ZESPRI","AZ. AGR. DALLE FABBRICHE ANDREA","Fondo Errano 2024","T1","T1 basso","DRIPPER",1724716800,4.05
"ZESPRI","AZ. AGR. DALLE FABBRICHE ANDREA","Fondo Errano 2024","T1","T1 basso","PLUV_CURR",1724716800,3
"ZESPRI","AZ. AGR. DALLE FABBRICHE ANDREA","Fondo Errano 2024","T0","T0","DRIPPER",1724716800,7.65
"ZESPRI","AZ. AGR. DALLE FABBRICHE ANDREA","Fondo Errano 2024","T1","T1 basso","ADVICE",1724716800,3.3982
"ZESPRI","AZ. AGR. DALLE FABBRICHE ANDREA","Fondo Errano 2024","T0","T0","PLUV_CURR",1724803200,0
"ZESPRI","AZ. AGR. DALLE FABBRICHE ANDREA","Fondo Errano 2024","T0","T0","DRIPPER",1724803200,6.54
"ZESPRI","AZ. AGR. DALLE FABBRICHE ANDREA","Fondo Errano 2024","T1","T1 basso","DRIPPER",1724803200,3.39
"ZESPRI","AZ. AGR. DALLE FABBRICHE ANDREA","Fondo Errano 2024","T1","T1 basso","ADVICE",1724803200,2.7421
"ZESPRI","AZ. AGR. DALLE FABBRICHE ANDREA","Fondo Errano 2024","T1","T1 basso","PLUV_CURR",1724803200,0
"ZESPRI","AZ. AGR. DALLE FABBRICHE ANDREA","Fondo Errano 2024","T0","T0","DRIPPER",1724889600,6.92
"ZESPRI","AZ. AGR. DALLE FABBRICHE ANDREA","Fondo Errano 2024","T1","T1 basso","PLUV_CURR",1724889600,0
"ZESPRI","AZ. AGR. DALLE FABBRICHE ANDREA","Fondo Errano 2024","T0","T0","PLUV_CURR",1724889600,0
"ZESPRI","AZ. AGR. DALLE FABBRICHE ANDREA","Fondo Errano 2024","T1","T1 basso","ADVICE",1724889600,4.6994
"ZESPRI","AZ. AGR. DALLE FABBRICHE ANDREA","Fondo Errano 2024","T1","T1 basso","DRIPPER",1724889600,4.52
"ZESPRI","AZ. AGR. DALLE FABBRICHE ANDREA","Fondo Errano 2024","T1","T1 basso","PLUV_CURR",1724976000,0
"ZESPRI","AZ. AGR. DALLE FABBRICHE ANDREA","Fondo Errano 2024","T1","T1 basso","ADVICE",1724976000,4.0759
"ZESPRI","AZ. AGR. DALLE FABBRICHE ANDREA","Fondo Errano 2024","T0","T0","DRIPPER",1724976000,8.4
"ZESPRI","AZ. AGR. DALLE FABBRICHE ANDREA","Fondo Errano 2024","T1","T1 basso","DRIPPER",1724976000,4.95
"ZESPRI","AZ. AGR. DALLE FABBRICHE ANDREA","Fondo Errano 2024","T0","T0","PLUV_CURR",1724976000,0
"ZESPRI","AZ. AGR. DALLE FABBRICHE ANDREA","Fondo Errano 2024","T1","T1 basso","PLUV_CURR",1725062400,0
"ZESPRI","AZ. AGR. DALLE FABBRICHE ANDREA","Fondo Errano 2024","T1","T1 basso","DRIPPER",1725062400,8.51
"ZESPRI","AZ. AGR. DALLE FABBRICHE ANDREA","Fondo Errano 2024","T1","T1 basso","ADVICE",1725062400,7.1762
"ZESPRI","AZ. AGR. DALLE FABBRICHE ANDREA","Fondo Errano 2024","T0","T0","PLUV_CURR",1725062400,0
"ZESPRI","AZ. AGR. DALLE FABBRICHE ANDREA","Fondo Errano 2024","T0","T0","DRIPPER",1725062400,9.86
"ZESPRI","AZ. AGR. DALLE FABBRICHE ANDREA","Fondo Errano 2024","T1","T1 basso","ADVICE",1725148800,8.456
"ZESPRI","AZ. AGR. DALLE FABBRICHE ANDREA","Fondo Errano 2024","T0","T0","DRIPPER",1725148800,9.46
"ZESPRI","AZ. AGR. DALLE FABBRICHE ANDREA","Fondo Errano 2024","T1","T1 basso","DRIPPER",1725148800,9.87
"ZESPRI","AZ. AGR. DALLE FABBRICHE ANDREA","Fondo Errano 2024","T0","T0","PLUV_CURR",1725148800,0
"ZESPRI","AZ. AGR. DALLE FABBRICHE ANDREA","Fondo Errano 2024","T1","T1 basso","PLUV_CURR",1725148800,0
"ZESPRI","AZ. AGR. DALLE FABBRICHE ANDREA","Fondo Errano 2024","T1","T1 basso","ADVICE",1725235200,10.0122
"ZESPRI","AZ. AGR. DALLE FABBRICHE ANDREA","Fondo Errano 2024","T1","T1 basso","DRIPPER",1725235200,12.96
"ZESPRI","AZ. AGR. DALLE FABBRICHE ANDREA","Fondo Errano 2024","T0","T0","PLUV_CURR",1725235200,13.2
"ZESPRI","AZ. AGR. DALLE FABBRICHE ANDREA","Fondo Errano 2024","T0","T0","DRIPPER",1725235200,9.19
"ZESPRI","AZ. AGR. DALLE FABBRICHE ANDREA","Fondo Errano 2024","T1","T1 basso","PLUV_CURR",1725235200,13.2
"ZESPRI","AZ. AGR. DALLE FABBRICHE ANDREA","Fondo Errano 2024","T1","T1 basso","PLUV_CURR",1725321600,0
"ZESPRI","AZ. AGR. DALLE FABBRICHE ANDREA","Fondo Errano 2024","T0","T0","PLUV_CURR",1725321600,0
"ZESPRI","AZ. AGR. DALLE FABBRICHE ANDREA","Fondo Errano 2024","T0","T0","DRIPPER",1725321600,9.59
"ZESPRI","AZ. AGR. DALLE FABBRICHE ANDREA","Fondo Errano 2024","T1","T1 basso","DRIPPER",1725321600,8.04
"ZESPRI","AZ. AGR. DALLE FABBRICHE ANDREA","Fondo Errano 2024","T1","T1 basso","ADVICE",1725321600,10.7866
"ZESPRI","AZ. AGR. DALLE FABBRICHE ANDREA","Fondo Errano 2024","T1","T1 basso","PLUV_CURR",1725408000,0
"ZESPRI","AZ. AGR. DALLE FABBRICHE ANDREA","Fondo Errano 2024","T0","T0","DRIPPER",1725408000,9.47
"ZESPRI","AZ. AGR. DALLE FABBRICHE ANDREA","Fondo Errano 2024","T1","T1 basso","ADVICE",1725408000,7.2197
"ZESPRI","AZ. AGR. DALLE FABBRICHE ANDREA","Fondo Errano 2024","T0","T0","PLUV_CURR",1725408000,0
"ZESPRI","AZ. AGR. DALLE FABBRICHE ANDREA","Fondo Errano 2024","T1","T1 basso","DRIPPER",1725408000,8.26
"ZESPRI","AZ. AGR. DALLE FABBRICHE ANDREA","Fondo Errano 2024","T0","T0","DRIPPER",1725494400,9.57
"ZESPRI","AZ. AGR. DALLE FABBRICHE ANDREA","Fondo Errano 2024","T1","T1 basso","ADVICE",1725494400,7.0643
"ZESPRI","AZ. AGR. DALLE FABBRICHE ANDREA","Fondo Errano 2024","T0","T0","PLUV_CURR",1725494400,2
"ZESPRI","AZ. AGR. DALLE FABBRICHE ANDREA","Fondo Errano 2024","T1","T1 basso","DRIPPER",1725494400,8.26
"ZESPRI","AZ. AGR. DALLE FABBRICHE ANDREA","Fondo Errano 2024","T1","T1 basso","PLUV_CURR",1725494400,2
"ZESPRI","AZ. AGR. DALLE FABBRICHE ANDREA","Fondo Errano 2024","T1","T1 basso","ADVICE",1725580800,6.5826
"ZESPRI","AZ. AGR. DALLE FABBRICHE ANDREA","Fondo Errano 2024","T0","T0","DRIPPER",1725580800,9.76
"ZESPRI","AZ. AGR. DALLE FABBRICHE ANDREA","Fondo Errano 2024","T0","T0","PLUV_CURR",1725580800,0.2
"ZESPRI","AZ. AGR. DALLE FABBRICHE ANDREA","Fondo Errano 2024","T1","T1 basso","PLUV_CURR",1725580800,0.2
"ZESPRI","AZ. AGR. DALLE FABBRICHE ANDREA","Fondo Errano 2024","T1","T1 basso","DRIPPER",1725580800,0.37
"ZESPRI","AZ. AGR. DALLE FABBRICHE ANDREA","Fondo Errano 2024","T0","T0","DRIPPER",1725667200,9.71
"ZESPRI","AZ. AGR. DALLE FABBRICHE ANDREA","Fondo Errano 2024","T1","T1 basso","DRIPPER",1725667200,0
"ZESPRI","AZ. AGR. DALLE FABBRICHE ANDREA","Fondo Errano 2024","T1","T1 basso","ADVICE",1725667200,0
"ZESPRI","AZ. AGR. DALLE FABBRICHE ANDREA","Fondo Errano 2024","T0","T0","PLUV_CURR",1725667200,0
"ZESPRI","AZ. AGR. DALLE FABBRICHE ANDREA","Fondo Errano 2024","T1","T1 basso","PLUV_CURR",1725667200,0
"ZESPRI","AZ. AGR. DALLE FABBRICHE ANDREA","Fondo Errano 2024","T1","T1 basso","PLUV_CURR",1725753600,52.8
"ZESPRI","AZ. AGR. DALLE FABBRICHE ANDREA","Fondo Errano 2024","T0","T0","DRIPPER",1725753600,6.88
"ZESPRI","AZ. AGR. DALLE FABBRICHE ANDREA","Fondo Errano 2024","T0","T0","PLUV_CURR",1725753600,52.8
"ZESPRI","AZ. AGR. DALLE FABBRICHE ANDREA","Fondo Errano 2024","T1","T1 basso","ADVICE",1725753600,0.9521
"ZESPRI","AZ. AGR. DALLE FABBRICHE ANDREA","Fondo Errano 2024","T1","T1 basso","DRIPPER",1725753600,0
"ZESPRI","AZ. AGR. DALLE FABBRICHE ANDREA","Fondo Errano 2024","T1","T1 basso","DRIPPER",1725840000,0
"ZESPRI","AZ. AGR. DALLE FABBRICHE ANDREA","Fondo Errano 2024","T1","T1 basso","PLUV_CURR",1725840000,7.6
"ZESPRI","AZ. AGR. DALLE FABBRICHE ANDREA","Fondo Errano 2024","T0","T0","PLUV_CURR",1725840000,7.6
"ZESPRI","AZ. AGR. DALLE FABBRICHE ANDREA","Fondo Errano 2024","T0","T0","DRIPPER",1725840000,0
"ZESPRI","AZ. AGR. DALLE FABBRICHE ANDREA","Fondo Errano 2024","T1","T1 basso","ADVICE",1725840000,0
"ZESPRI","AZ. AGR. DALLE FABBRICHE ANDREA","Fondo Errano 2024","T0","T0","PLUV_CURR",1725926400,0
"ZESPRI","AZ. AGR. DALLE FABBRICHE ANDREA","Fondo Errano 2024","T1","T1 basso","DRIPPER",1725926400,0
"ZESPRI","AZ. AGR. DALLE FABBRICHE ANDREA","Fondo Errano 2024","T1","T1 basso","ADVICE",1725926400,NULL
"ZESPRI","AZ. AGR. DALLE FABBRICHE ANDREA","Fondo Errano 2024","T1","T1 basso","PLUV_CURR",1725926400,0
"ZESPRI","AZ. AGR. DALLE FABBRICHE ANDREA","Fondo Errano 2024","T0","T0","DRIPPER",1725926400,0.01
"ZESPRI","AZ. AGR. DALLE FABBRICHE ANDREA","Fondo Errano 2024","T0","T0","PLUV_CURR",1726012800,0
"ZESPRI","AZ. AGR. DALLE FABBRICHE ANDREA","Fondo Errano 2024","T1","T1 basso","DRIPPER",1726012800,0
"ZESPRI","AZ. AGR. DALLE FABBRICHE ANDREA","Fondo Errano 2024","T1","T1 basso","PLUV_CURR",1726012800,0
"ZESPRI","AZ. AGR. DALLE FABBRICHE ANDREA","Fondo Errano 2024","T1","T1 basso","ADVICE",1726012800,0
"ZESPRI","AZ. AGR. DALLE FABBRICHE ANDREA","Fondo Errano 2024","T0","T0","DRIPPER",1726012800,0
"ZESPRI","AZ. AGR. DALLE FABBRICHE ANDREA","Fondo Errano 2024","T0","T0","PLUV_CURR",1726099200,14.8
"ZESPRI","AZ. AGR. DALLE FABBRICHE ANDREA","Fondo Errano 2024","T0","T0","DRIPPER",1726099200,0
"ZESPRI","AZ. AGR. DALLE FABBRICHE ANDREA","Fondo Errano 2024","T1","T1 basso","ADVICE",1726099200,NULL
"ZESPRI","AZ. AGR. DALLE FABBRICHE ANDREA","Fondo Errano 2024","T1","T1 basso","PLUV_CURR",1726099200,14.8
"ZESPRI","AZ. AGR. DALLE FABBRICHE ANDREA","Fondo Errano 2024","T1","T1 basso","DRIPPER",1726099200,0
"ZESPRI","AZ. AGR. DALLE FABBRICHE ANDREA","Fondo Errano 2024","T1","T1 basso","ADVICE",1726185600,0
"ZESPRI","AZ. AGR. DALLE FABBRICHE ANDREA","Fondo Errano 2024","T0","T0","PLUV_CURR",1726185600,0.2
"ZESPRI","AZ. AGR. DALLE FABBRICHE ANDREA","Fondo Errano 2024","T1","T1 basso","PLUV_CURR",1726185600,0.2
"ZESPRI","AZ. AGR. DALLE FABBRICHE ANDREA","Fondo Errano 2024","T1","T1 basso","DRIPPER",1726185600,0
"ZESPRI","AZ. AGR. DALLE FABBRICHE ANDREA","Fondo Errano 2024","T0","T0","DRIPPER",1726185600,0
"ZESPRI","AZ. AGR. DALLE FABBRICHE ANDREA","Fondo Errano 2024","T0","T0","PLUV_CURR",1726272000,0
"ZESPRI","AZ. AGR. DALLE FABBRICHE ANDREA","Fondo Errano 2024","T1","T1 basso","PLUV_CURR",1726272000,0
"ZESPRI","AZ. AGR. DALLE FABBRICHE ANDREA","Fondo Errano 2024","T0","T0","DRIPPER",1726272000,0
"ZESPRI","AZ. AGR. DALLE FABBRICHE ANDREA","Fondo Errano 2024","T1","T1 basso","DRIPPER",1726272000,0
"ZESPRI","AZ. AGR. DALLE FABBRICHE ANDREA","Fondo Errano 2024","T1","T1 basso","ADVICE",1726272000,0
"ZESPRI","AZ. AGR. DALLE FABBRICHE ANDREA","Fondo Errano 2024","T0","T0","PLUV_CURR",1726358400,0
"ZESPRI","AZ. AGR. DALLE FABBRICHE ANDREA","Fondo Errano 2024","T1","T1 basso","DRIPPER",1726358400,0
"ZESPRI","AZ. AGR. DALLE FABBRICHE ANDREA","Fondo Errano 2024","T0","T0","DRIPPER",1726358400,0
"ZESPRI","AZ. AGR. DALLE FABBRICHE ANDREA","Fondo Errano 2024","T1","T1 basso","ADVICE",1726358400,0
"ZESPRI","AZ. AGR. DALLE FABBRICHE ANDREA","Fondo Errano 2024","T1","T1 basso","PLUV_CURR",1726358400,0
"ZESPRI","AZ. AGR. DALLE FABBRICHE ANDREA","Fondo Errano 2024","T0","T0","PLUV_CURR",1726444800,0
"ZESPRI","AZ. AGR. DALLE FABBRICHE ANDREA","Fondo Errano 2024","T0","T0","DRIPPER",1726444800,0
"ZESPRI","AZ. AGR. DALLE FABBRICHE ANDREA","Fondo Errano 2024","T1","T1 basso","PLUV_CURR",1726444800,0
"ZESPRI","AZ. AGR. DALLE FABBRICHE ANDREA","Fondo Errano 2024","T1","T1 basso","ADVICE",1726444800,0
"ZESPRI","AZ. AGR. DALLE FABBRICHE ANDREA","Fondo Errano 2024","T1","T1 basso","DRIPPER",1726444800,0
"ZESPRI","AZ. AGR. DALLE FABBRICHE ANDREA","Fondo Errano 2024","T0","T0","DRIPPER",1726531200,0.01
"ZESPRI","AZ. AGR. DALLE FABBRICHE ANDREA","Fondo Errano 2024","T1","T1 basso","ADVICE",1726531200,0
"ZESPRI","AZ. AGR. DALLE FABBRICHE ANDREA","Fondo Errano 2024","T1","T1 basso","PLUV_CURR",1726531200,53.2
"ZESPRI","AZ. AGR. DALLE FABBRICHE ANDREA","Fondo Errano 2024","T1","T1 basso","DRIPPER",1726531200,0
"ZESPRI","AZ. AGR. DALLE FABBRICHE ANDREA","Fondo Errano 2024","T0","T0","PLUV_CURR",1726531200,53.2
"ZESPRI","AZ. AGR. DALLE FABBRICHE ANDREA","Fondo Errano 2024","T1","T1 basso","DRIPPER",1726617600,0
"ZESPRI","AZ. AGR. DALLE FABBRICHE ANDREA","Fondo Errano 2024","T1","T1 basso","ADVICE",1726617600,0
"ZESPRI","AZ. AGR. DALLE FABBRICHE ANDREA","Fondo Errano 2024","T1","T1 basso","PLUV_CURR",1726617600,156.8
"ZESPRI","AZ. AGR. DALLE FABBRICHE ANDREA","Fondo Errano 2024","T0","T0","DRIPPER",1726617600,0
"ZESPRI","AZ. AGR. DALLE FABBRICHE ANDREA","Fondo Errano 2024","T0","T0","PLUV_CURR",1726617600,156.8
"ZESPRI","AZ. AGR. DALLE FABBRICHE ANDREA","Fondo Errano 2024","T1","T1 basso","ADVICE",1726704000,0
"ZESPRI","AZ. AGR. DALLE FABBRICHE ANDREA","Fondo Errano 2024","T0","T0","PLUV_CURR",1726704000,34.6
"ZESPRI","AZ. AGR. DALLE FABBRICHE ANDREA","Fondo Errano 2024","T1","T1 basso","PLUV_CURR",1726704000,34.6
"ZESPRI","AZ. AGR. DALLE FABBRICHE ANDREA","Fondo Errano 2024","T1","T1 basso","DRIPPER",1726704000,0
"ZESPRI","AZ. AGR. DALLE FABBRICHE ANDREA","Fondo Errano 2024","T0","T0","DRIPPER",1726704000,0
"ZESPRI","AZ. AGR. DALLE FABBRICHE ANDREA","Fondo Errano 2024","T1","T1 basso","DRIPPER",1726790400,0
"ZESPRI","AZ. AGR. DALLE FABBRICHE ANDREA","Fondo Errano 2024","T0","T0","DRIPPER",1726790400,0.01
"ZESPRI","AZ. AGR. DALLE FABBRICHE ANDREA","Fondo Errano 2024","T1","T1 basso","PLUV_CURR",1726790400,3.6
"ZESPRI","AZ. AGR. DALLE FABBRICHE ANDREA","Fondo Errano 2024","T0","T0","PLUV_CURR",1726790400,3.6
"ZESPRI","AZ. AGR. DALLE FABBRICHE ANDREA","Fondo Errano 2024","T1","T1 basso","ADVICE",1726790400,0
"ZESPRI","AZ. AGR. DALLE FABBRICHE ANDREA","Fondo Errano 2024","T0","T0","DRIPPER",1726876800,0
"ZESPRI","AZ. AGR. DALLE FABBRICHE ANDREA","Fondo Errano 2024","T0","T0","PLUV_CURR",1726876800,0
"ZESPRI","AZ. AGR. DALLE FABBRICHE ANDREA","Fondo Errano 2024","T1","T1 basso","DRIPPER",1726876800,0
"ZESPRI","AZ. AGR. DALLE FABBRICHE ANDREA","Fondo Errano 2024","T1","T1 basso","PLUV_CURR",1726876800,0
"ZESPRI","AZ. AGR. DALLE FABBRICHE ANDREA","Fondo Errano 2024","T1","T1 basso","ADVICE",1726876800,0
"ZESPRI","AZ. AGR. DALLE FABBRICHE ANDREA","Fondo Errano 2024","T0","T0","PLUV_CURR",1726963200,0
"ZESPRI","AZ. AGR. DALLE FABBRICHE ANDREA","Fondo Errano 2024","T0","T0","DRIPPER",1726963200,0
"ZESPRI","AZ. AGR. DALLE FABBRICHE ANDREA","Fondo Errano 2024","T1","T1 basso","DRIPPER",1726963200,0
"ZESPRI","AZ. AGR. DALLE FABBRICHE ANDREA","Fondo Errano 2024","T1","T1 basso","PLUV_CURR",1726963200,0
"ZESPRI","AZ. AGR. DALLE FABBRICHE ANDREA","Fondo Errano 2024","T1","T1 basso","ADVICE",1726963200,0
"ZESPRI","AZ. AGR. DALLE FABBRICHE ANDREA","Fondo Errano 2024","T0","T0","DRIPPER",1727049600,0
"ZESPRI","AZ. AGR. DALLE FABBRICHE ANDREA","Fondo Errano 2024","T1","T1 basso","PLUV_CURR",1727049600,6.2
"ZESPRI","AZ. AGR. DALLE FABBRICHE ANDREA","Fondo Errano 2024","T0","T0","PLUV_CURR",1727049600,6.2
"ZESPRI","AZ. AGR. DALLE FABBRICHE ANDREA","Fondo Errano 2024","T1","T1 basso","DRIPPER",1727049600,0
"ZESPRI","AZ. AGR. DALLE FABBRICHE ANDREA","Fondo Errano 2024","T1","T1 basso","ADVICE",1727049600,0
"ZESPRI","AZ. AGR. DALLE FABBRICHE ANDREA","Fondo Errano 2024","T0","T0","DRIPPER",1727136000,0
"ZESPRI","AZ. AGR. DALLE FABBRICHE ANDREA","Fondo Errano 2024","T1","T1 basso","ADVICE",1727136000,0
"ZESPRI","AZ. AGR. DALLE FABBRICHE ANDREA","Fondo Errano 2024","T0","T0","PLUV_CURR",1727136000,0.2
"ZESPRI","AZ. AGR. DALLE FABBRICHE ANDREA","Fondo Errano 2024","T1","T1 basso","DRIPPER",1727136000,0
"ZESPRI","AZ. AGR. DALLE FABBRICHE ANDREA","Fondo Errano 2024","T1","T1 basso","PLUV_CURR",1727136000,0.2
"ZESPRI","AZ. AGR. DALLE FABBRICHE ANDREA","Fondo Errano 2024","T0","T0","PLUV_CURR",1727222400,0
"ZESPRI","AZ. AGR. DALLE FABBRICHE ANDREA","Fondo Errano 2024","T1","T1 basso","DRIPPER",1727222400,0
"ZESPRI","AZ. AGR. DALLE FABBRICHE ANDREA","Fondo Errano 2024","T1","T1 basso","ADVICE",1727222400,0
"ZESPRI","AZ. AGR. DALLE FABBRICHE ANDREA","Fondo Errano 2024","T1","T1 basso","PLUV_CURR",1727222400,0
"ZESPRI","AZ. AGR. DALLE FABBRICHE ANDREA","Fondo Errano 2024","T0","T0","DRIPPER",1727222400,0
"ZESPRI","AZ. AGR. DALLE FABBRICHE ANDREA","Fondo Errano 2024","T1","T1 basso","PLUV_CURR",1727308800,0
"ZESPRI","AZ. AGR. DALLE FABBRICHE ANDREA","Fondo Errano 2024","T0","T0","DRIPPER",1727308800,0
"ZESPRI","AZ. AGR. DALLE FABBRICHE ANDREA","Fondo Errano 2024","T1","T1 basso","ADVICE",1727308800,0
"ZESPRI","AZ. AGR. DALLE FABBRICHE ANDREA","Fondo Errano 2024","T0","T0","PLUV_CURR",1727308800,0
"ZESPRI","AZ. AGR. DALLE FABBRICHE ANDREA","Fondo Errano 2024","T1","T1 basso","DRIPPER",1727308800,0
"ZESPRI","AZ. AGR. DALLE FABBRICHE ANDREA","Fondo Errano 2024","T1","T1 basso","ADVICE",1727395200,0
"ZESPRI","AZ. AGR. DALLE FABBRICHE ANDREA","Fondo Errano 2024","T1","T1 basso","DRIPPER",1727395200,0
"ZESPRI","AZ. AGR. DALLE FABBRICHE ANDREA","Fondo Errano 2024","T0","T0","PLUV_CURR",1727395200,0
"ZESPRI","AZ. AGR. DALLE FABBRICHE ANDREA","Fondo Errano 2024","T1","T1 basso","PLUV_CURR",1727395200,0
"ZESPRI","AZ. AGR. DALLE FABBRICHE ANDREA","Fondo Errano 2024","T0","T0","DRIPPER",1727395200,0
"ZESPRI","AZ. AGR. DALLE FABBRICHE ANDREA","Fondo Errano 2024","T1","T1 basso","DRIPPER",1727481600,0
"ZESPRI","AZ. AGR. DALLE FABBRICHE ANDREA","Fondo Errano 2024","T1","T1 basso","PLUV_CURR",1727481600,0
"ZESPRI","AZ. AGR. DALLE FABBRICHE ANDREA","Fondo Errano 2024","T0","T0","PLUV_CURR",1727481600,0
"ZESPRI","AZ. AGR. DALLE FABBRICHE ANDREA","Fondo Errano 2024","T0","T0","DRIPPER",1727481600,0
"ZESPRI","AZ. AGR. DALLE FABBRICHE ANDREA","Fondo Errano 2024","T1","T1 basso","ADVICE",1727481600,0
"ZESPRI","AZ. AGR. DALLE FABBRICHE ANDREA","Fondo Errano 2024","T1","T1 basso","PLUV_CURR",1727568000,0
"ZESPRI","AZ. AGR. DALLE FABBRICHE ANDREA","Fondo Errano 2024","T1","T1 basso","ADVICE",1727568000,0
"ZESPRI","AZ. AGR. DALLE FABBRICHE ANDREA","Fondo Errano 2024","T1","T1 basso","DRIPPER",1727568000,0
"ZESPRI","AZ. AGR. DALLE FABBRICHE ANDREA","Fondo Errano 2024","T0","T0","DRIPPER",1727568000,0
"ZESPRI","AZ. AGR. DALLE FABBRICHE ANDREA","Fondo Errano 2024","T0","T0","PLUV_CURR",1727568000,0
"ZESPRI","AZ. AGR. DALLE FABBRICHE ANDREA","Fondo Errano 2024","T1","T1 basso","ADVICE",1727654400,0
"ZESPRI","AZ. AGR. DALLE FABBRICHE ANDREA","Fondo Errano 2024","T1","T1 basso","DRIPPER",1727654400,0
"ZESPRI","AZ. AGR. DALLE FABBRICHE ANDREA","Fondo Errano 2024","T0","T0","DRIPPER",1727654400,0
"ZESPRI","AZ. AGR. DALLE FABBRICHE ANDREA","Fondo Errano 2024","T1","T1 basso","PLUV_CURR",1727654400,0
"ZESPRI","AZ. AGR. DALLE FABBRICHE ANDREA","Fondo Errano 2024","T0","T0","PLUV_CURR",1727654400,0
"ZESPRI","AZ. AGR. DALLE FABBRICHE ANDREA","Fondo Errano 2024","T0","T0","DRIPPER",1727740800,0
"ZESPRI","AZ. AGR. DALLE FABBRICHE ANDREA","Fondo Errano 2024","T1","T1 basso","DRIPPER",1727740800,0
"ZESPRI","AZ. AGR. DALLE FABBRICHE ANDREA","Fondo Errano 2024","T1","T1 basso","PLUV_CURR",1727740800,0
"ZESPRI","AZ. AGR. DALLE FABBRICHE ANDREA","Fondo Errano 2024","T1","T1 basso","ADVICE",1727740800,0
"ZESPRI","AZ. AGR. DALLE FABBRICHE ANDREA","Fondo Errano 2024","T0","T0","PLUV_CURR",1727740800,0
"ZESPRI","AZ. AGR. DALLE FABBRICHE ANDREA","Fondo Errano 2024","T1","T1 basso","DRIPPER",1727827200,0
"ZESPRI","AZ. AGR. DALLE FABBRICHE ANDREA","Fondo Errano 2024","T0","T0","PLUV_CURR",1727827200,3.6
"ZESPRI","AZ. AGR. DALLE FABBRICHE ANDREA","Fondo Errano 2024","T1","T1 basso","ADVICE",1727827200,NULL
"ZESPRI","AZ. AGR. DALLE FABBRICHE ANDREA","Fondo Errano 2024","T1","T1 basso","PLUV_CURR",1727827200,3.6
"ZESPRI","AZ. AGR. DALLE FABBRICHE ANDREA","Fondo Errano 2024","T0","T0","DRIPPER",1727827200,0
"ZESPRI","AZ. AGR. DALLE FABBRICHE ANDREA","Fondo Errano 2024","T0","T0","PLUV_CURR",1727913600,58.2
"ZESPRI","AZ. AGR. DALLE FABBRICHE ANDREA","Fondo Errano 2024","T0","T0","DRIPPER",1727913600,0
"ZESPRI","AZ. AGR. DALLE FABBRICHE ANDREA","Fondo Errano 2024","T1","T1 basso","PLUV_CURR",1727913600,58.2
"ZESPRI","AZ. AGR. DALLE FABBRICHE ANDREA","Fondo Errano 2024","T1","T1 basso","DRIPPER",1727913600,0.26
"ZESPRI","AZ. AGR. DALLE FABBRICHE ANDREA","Fondo Errano 2024","T1","T1 basso","ADVICE",1727913600,NULL
"ZESPRI","AZ. AGR. DALLE FABBRICHE ANDREA","Fondo Errano 2024","T0","T0","PLUV_CURR",1728000000,2.2
"ZESPRI","AZ. AGR. DALLE FABBRICHE ANDREA","Fondo Errano 2024","T1","T1 basso","DRIPPER",1728000000,0
"ZESPRI","AZ. AGR. DALLE FABBRICHE ANDREA","Fondo Errano 2024","T1","T1 basso","PLUV_CURR",1728000000,2.2
"ZESPRI","AZ. AGR. DALLE FABBRICHE ANDREA","Fondo Errano 2024","T1","T1 basso","ADVICE",1728000000,NULL
"ZESPRI","AZ. AGR. DALLE FABBRICHE ANDREA","Fondo Errano 2024","T0","T0","DRIPPER",1728000000,0
"ZESPRI","AZ. AGR. DALLE FABBRICHE ANDREA","Fondo Errano 2024","T1","T1 basso","PLUV_CURR",1728086400,0
"ZESPRI","AZ. AGR. DALLE FABBRICHE ANDREA","Fondo Errano 2024","T0","T0","PLUV_CURR",1728086400,0
"ZESPRI","AZ. AGR. DALLE FABBRICHE ANDREA","Fondo Errano 2024","T0","T0","DRIPPER",1728086400,0
"ZESPRI","AZ. AGR. DALLE FABBRICHE ANDREA","Fondo Errano 2024","T1","T1 basso","DRIPPER",1728086400,0
"ZESPRI","AZ. AGR. DALLE FABBRICHE ANDREA","Fondo Errano 2024","T1","T1 basso","ADVICE",1728086400,NULL
"ZESPRI","AZ. AGR. DALLE FABBRICHE ANDREA","Fondo Errano 2024","T1","T1 basso","ADVICE",1728172800,NULL
"ZESPRI","AZ. AGR. DALLE FABBRICHE ANDREA","Fondo Errano 2024","T0","T0","PLUV_CURR",1728172800,0.2
"ZESPRI","AZ. AGR. DALLE FABBRICHE ANDREA","Fondo Errano 2024","T0","T0","DRIPPER",1728172800,0
"ZESPRI","AZ. AGR. DALLE FABBRICHE ANDREA","Fondo Errano 2024","T1","T1 basso","PLUV_CURR",1728172800,0.2
"ZESPRI","AZ. AGR. DALLE FABBRICHE ANDREA","Fondo Errano 2024","T1","T1 basso","DRIPPER",1728172800,0
"ZESPRI","AZ. AGR. DALLE FABBRICHE ANDREA","Fondo Errano 2024","T1","T1 basso","DRIPPER",1728259200,0
"ZESPRI","AZ. AGR. DALLE FABBRICHE ANDREA","Fondo Errano 2024","T0","T0","DRIPPER",1728259200,0
"ZESPRI","AZ. AGR. DALLE FABBRICHE ANDREA","Fondo Errano 2024","T0","T0","PLUV_CURR",1728259200,0
"ZESPRI","AZ. AGR. DALLE FABBRICHE ANDREA","Fondo Errano 2024","T1","T1 basso","ADVICE",1728259200,NULL
"ZESPRI","AZ. AGR. DALLE FABBRICHE ANDREA","Fondo Errano 2024","T1","T1 basso","PLUV_CURR",1728259200,0
"ZESPRI","AZ. AGR. DALLE FABBRICHE ANDREA","Fondo Errano 2024","T1","T1 basso","PLUV_CURR",1728345600,4
"ZESPRI","AZ. AGR. DALLE FABBRICHE ANDREA","Fondo Errano 2024","T1","T1 basso","ADVICE",1728345600,NULL
"ZESPRI","AZ. AGR. DALLE FABBRICHE ANDREA","Fondo Errano 2024","T0","T0","DRIPPER",1728345600,0
"ZESPRI","AZ. AGR. DALLE FABBRICHE ANDREA","Fondo Errano 2024","T1","T1 basso","DRIPPER",1728345600,0
"ZESPRI","AZ. AGR. DALLE FABBRICHE ANDREA","Fondo Errano 2024","T0","T0","PLUV_CURR",1728345600,4
"ZESPRI","AZ. AGR. DALLE FABBRICHE ANDREA","Fondo Errano 2024","T1","T1 basso","PLUV_CURR",1728432000,0
"ZESPRI","AZ. AGR. DALLE FABBRICHE ANDREA","Fondo Errano 2024","T1","T1 basso","ADVICE",1728432000,NULL
"ZESPRI","AZ. AGR. DALLE FABBRICHE ANDREA","Fondo Errano 2024","T0","T0","PLUV_CURR",1728432000,0
"ZESPRI","AZ. AGR. DALLE FABBRICHE ANDREA","Fondo Errano 2024","T1","T1 basso","DRIPPER",1728432000,0
"ZESPRI","AZ. AGR. DALLE FABBRICHE ANDREA","Fondo Errano 2024","T0","T0","DRIPPER",1728432000,0
"ZESPRI","AZ. AGR. DALLE FABBRICHE ANDREA","Fondo Errano 2024","T1","T1 basso","DRIPPER",1728518400,0
"ZESPRI","AZ. AGR. DALLE FABBRICHE ANDREA","Fondo Errano 2024","T1","T1 basso","ADVICE",1728518400,NULL
"ZESPRI","AZ. AGR. DALLE FABBRICHE ANDREA","Fondo Errano 2024","T0","T0","DRIPPER",1728518400,0
"ZESPRI","AZ. AGR. DALLE FABBRICHE ANDREA","Fondo Errano 2024","T1","T1 basso","PLUV_CURR",1728518400,2
"ZESPRI","AZ. AGR. DALLE FABBRICHE ANDREA","Fondo Errano 2024","T0","T0","PLUV_CURR",1728518400,2
"ZESPRI","AZ. AGR. DALLE FABBRICHE ANDREA","Fondo Errano 2024","T1","T1 basso","DRIPPER",1728604800,0
"ZESPRI","AZ. AGR. DALLE FABBRICHE ANDREA","Fondo Errano 2024","T1","T1 basso","PLUV_CURR",1728604800,0
"ZESPRI","AZ. AGR. DALLE FABBRICHE ANDREA","Fondo Errano 2024","T0","T0","DRIPPER",1728604800,0
"ZESPRI","AZ. AGR. DALLE FABBRICHE ANDREA","Fondo Errano 2024","T1","T1 basso","ADVICE",1728604800,NULL
"ZESPRI","AZ. AGR. DALLE FABBRICHE ANDREA","Fondo Errano 2024","T0","T0","PLUV_CURR",1728604800,0
"ZESPRI","AZ. AGR. DALLE FABBRICHE ANDREA","Fondo Errano 2024","T1","T1 basso","PLUV_CURR",1728691200,0
"ZESPRI","AZ. AGR. DALLE FABBRICHE ANDREA","Fondo Errano 2024","T0","T0","PLUV_CURR",1728691200,0
"ZESPRI","AZ. AGR. DALLE FABBRICHE ANDREA","Fondo Errano 2024","T1","T1 basso","ADVICE",1728691200,NULL
"ZESPRI","AZ. AGR. DALLE FABBRICHE ANDREA","Fondo Errano 2024","T1","T1 basso","DRIPPER",1728691200,0
"ZESPRI","AZ. AGR. DALLE FABBRICHE ANDREA","Fondo Errano 2024","T0","T0","DRIPPER",1728691200,0
"ZESPRI","AZ. AGR. DALLE FABBRICHE ANDREA","Fondo Errano 2024","T1","T1 basso","ADVICE",1728777600,NULL
"ZESPRI","AZ. AGR. DALLE FABBRICHE ANDREA","Fondo Errano 2024","T0","T0","DRIPPER",1728777600,0
"ZESPRI","AZ. AGR. DALLE FABBRICHE ANDREA","Fondo Errano 2024","T0","T0","PLUV_CURR",1728777600,0
"ZESPRI","AZ. AGR. DALLE FABBRICHE ANDREA","Fondo Errano 2024","T1","T1 basso","PLUV_CURR",1728777600,0
"ZESPRI","AZ. AGR. DALLE FABBRICHE ANDREA","Fondo Errano 2024","T1","T1 basso","DRIPPER",1728777600,0
"ZESPRI","AZ. AGR. DALLE FABBRICHE ANDREA","Fondo Errano 2024","T0","T0","DRIPPER",1728864000,0
"ZESPRI","AZ. AGR. DALLE FABBRICHE ANDREA","Fondo Errano 2024","T1","T1 basso","ADVICE",1728864000,NULL
"ZESPRI","AZ. AGR. DALLE FABBRICHE ANDREA","Fondo Errano 2024","T0","T0","PLUV_CURR",1728864000,0
"ZESPRI","AZ. AGR. DALLE FABBRICHE ANDREA","Fondo Errano 2024","T1","T1 basso","PLUV_CURR",1728864000,0
"ZESPRI","AZ. AGR. DALLE FABBRICHE ANDREA","Fondo Errano 2024","T1","T1 basso","DRIPPER",1728864000,0
"ZESPRI","AZ. AGR. DALLE FABBRICHE ANDREA","Fondo Errano 2024","T1","T1 basso","ADVICE",1728950400,NULL
"ZESPRI","AZ. AGR. DALLE FABBRICHE ANDREA","Fondo Errano 2024","T1","T1 basso","DRIPPER",1728950400,0
"ZESPRI","AZ. AGR. DALLE FABBRICHE ANDREA","Fondo Errano 2024","T1","T1 basso","PLUV_CURR",1728950400,0.2
"ZESPRI","AZ. AGR. DALLE FABBRICHE ANDREA","Fondo Errano 2024","T0","T0","DRIPPER",1728950400,0
"ZESPRI","AZ. AGR. DALLE FABBRICHE ANDREA","Fondo Errano 2024","T0","T0","PLUV_CURR",1728950400,0.2
"ZESPRI","AZ. AGR. DALLE FABBRICHE ANDREA","Fondo Errano 2024","T1","T1 basso","ADVICE",1729036800,NULL
"ZESPRI","AZ. AGR. DALLE FABBRICHE ANDREA","Fondo Errano 2024","T1","T1 basso","ADVICE",1729123200,NULL
"ZESPRI","AZ. AGR. DALLE FABBRICHE ANDREA","Fondo Errano 2024","T1","T1 basso","ADVICE",1729209600,NULL
