"refStructureName","companyName","fieldName","sectorName","plantRow","timestamp","optimal","actual"
"AGRINTESA2018","AZ. AGR. SAME","Fondo SAME 2024","T1","T1 basso",1717797600,4.955948,5.4211132940747
"AGRINTESA2018","AZ. AGR. SAME","Fondo SAME 2024","T0","T0 alto",1717797600,4.955948,5.67940433436327
"AGRINTESA2018","AZ. AGR. SAME","Fondo SAME 2024","T1","T1 alto",1717797600,4.955948,5.36780070860027
"AGRINTESA2018","AZ. AGR. SAME","Fondo SAME 2024","T0","T0 basso",1717797600,4.955948,5.42831305688665
"AGRINTESA2018","AZ. AGR. SAME","Fondo SAME 2024","T1","T1 alto",1717884000,4.955948,5.35306847204067
"AGRINTESA2018","AZ. AGR. SAME","Fondo SAME 2024","T0","T0 alto",1717884000,4.955948,NULL
"AGRINTESA2018","AZ. AGR. SAME","Fondo SAME 2024","T1","T1 basso",1717884000,4.955948,4.93481890873532
"AGRINTESA2018","AZ. AGR. SAME","Fondo SAME 2024","T0","T0 basso",1717884000,4.955948,5.38214528905074
"AGRINTESA2018","AZ. AGR. SAME","Fondo SAME 2024","T1","T1 basso",1717970400,4.955948,4.87736711181985
"AGRINTESA2018","AZ. AGR. SAME","Fondo SAME 2024","T0","T0 alto",1717970400,4.955948,5.51813173292227
"AGRINTESA2018","AZ. AGR. SAME","Fondo SAME 2024","T0","T0 basso",1717970400,4.955948,5.36739942416542
"AGRINTESA2018","AZ. AGR. SAME","Fondo SAME 2024","T1","T1 alto",1717970400,4.955948,5.354829592259
"AGRINTESA2018","AZ. AGR. SAME","Fondo SAME 2024","T0","T0 alto",1718056800,4.955948,NULL
"AGRINTESA2018","AZ. AGR. SAME","Fondo SAME 2024","T1","T1 alto",1718056800,4.955948,NULL
"AGRINTESA2018","AZ. AGR. SAME","Fondo SAME 2024","T0","T0 basso",1718056800,4.955948,5.3706959217058
"AGRINTESA2018","AZ. AGR. SAME","Fondo SAME 2024","T1","T1 basso",1718056800,4.955948,5.06737406367182
"AGRINTESA2018","AZ. AGR. SAME","Fondo SAME 2024","T0","T0 alto",1718143200,4.955948,NULL
"AGRINTESA2018","AZ. AGR. SAME","Fondo SAME 2024","T0","T0 basso",1718143200,4.955948,5.37143752563056
"AGRINTESA2018","AZ. AGR. SAME","Fondo SAME 2024","T1","T1 alto",1718143200,4.955948,5.2692213365573
"AGRINTESA2018","AZ. AGR. SAME","Fondo SAME 2024","T1","T1 basso",1718143200,4.955948,4.99065069568181
"AGRINTESA2018","AZ. AGR. SAME","Fondo SAME 2024","T1","T1 alto",1718229600,4.955948,5.29780221720818
"AGRINTESA2018","AZ. AGR. SAME","Fondo SAME 2024","T0","T0 alto",1718229600,4.955948,5.46128327502613
"AGRINTESA2018","AZ. AGR. SAME","Fondo SAME 2024","T1","T1 basso",1718229600,4.955948,5.04808571280797
"AGRINTESA2018","AZ. AGR. SAME","Fondo SAME 2024","T0","T0 basso",1718229600,4.955948,5.36780523657059
"AGRINTESA2018","AZ. AGR. SAME","Fondo SAME 2024","T1","T1 basso",1718316000,4.955948,5.04892092603489
"AGRINTESA2018","AZ. AGR. SAME","Fondo SAME 2024","T1","T1 alto",1718316000,4.955948,5.34108858488702
"AGRINTESA2018","AZ. AGR. SAME","Fondo SAME 2024","T0","T0 alto",1718316000,4.955948,NULL
"AGRINTESA2018","AZ. AGR. SAME","Fondo SAME 2024","T0","T0 basso",1718316000,4.955948,5.35381849547243
"AGRINTESA2018","AZ. AGR. SAME","Fondo SAME 2024","T1","T1 basso",1718402400,4.955948,5.14732982620022
"AGRINTESA2018","AZ. AGR. SAME","Fondo SAME 2024","T1","T1 alto",1718402400,4.955948,5.37709925232767
"AGRINTESA2018","AZ. AGR. SAME","Fondo SAME 2024","T0","T0 basso",1718402400,4.955948,5.35893245066491
"AGRINTESA2018","AZ. AGR. SAME","Fondo SAME 2024","T0","T0 alto",1718402400,4.955948,NULL
"AGRINTESA2018","AZ. AGR. SAME","Fondo SAME 2024","T1","T1 basso",1718488800,4.955948,5.35311673570679
"AGRINTESA2018","AZ. AGR. SAME","Fondo SAME 2024","T0","T0 alto",1718488800,4.955948,NULL
"AGRINTESA2018","AZ. AGR. SAME","Fondo SAME 2024","T1","T1 alto",1718488800,4.955948,5.30992305995373
"AGRINTESA2018","AZ. AGR. SAME","Fondo SAME 2024","T0","T0 basso",1718488800,4.955948,5.36529764180311
"AGRINTESA2018","AZ. AGR. SAME","Fondo SAME 2024","T1","T1 alto",1718575200,4.955948,NULL
"AGRINTESA2018","AZ. AGR. SAME","Fondo SAME 2024","T0","T0 alto",1718575200,4.955948,NULL
"AGRINTESA2018","AZ. AGR. SAME","Fondo SAME 2024","T0","T0 basso",1718575200,4.955948,5.36954510739764
"AGRINTESA2018","AZ. AGR. SAME","Fondo SAME 2024","T1","T1 basso",1718575200,4.955948,5.20609837785047
"AGRINTESA2018","AZ. AGR. SAME","Fondo SAME 2024","T1","T1 alto",1718661600,4.955948,5.29466885444949
"AGRINTESA2018","AZ. AGR. SAME","Fondo SAME 2024","T1","T1 basso",1718661600,4.955948,5.15099840921712
"AGRINTESA2018","AZ. AGR. SAME","Fondo SAME 2024","T0","T0 basso",1718661600,4.955948,5.35877845277951
"AGRINTESA2018","AZ. AGR. SAME","Fondo SAME 2024","T0","T0 alto",1718661600,4.955948,NULL
"AGRINTESA2018","AZ. AGR. SAME","Fondo SAME 2024","T0","T0 basso",1718748000,4.955948,5.35769053169261
"AGRINTESA2018","AZ. AGR. SAME","Fondo SAME 2024","T1","T1 alto",1718748000,4.955948,5.28431406561382
"AGRINTESA2018","AZ. AGR. SAME","Fondo SAME 2024","T0","T0 alto",1718748000,4.955948,NULL
"AGRINTESA2018","AZ. AGR. SAME","Fondo SAME 2024","T1","T1 basso",1718748000,4.955948,5.11239407602069
"AGRINTESA2018","AZ. AGR. SAME","Fondo SAME 2024","T1","T1 basso",1718834400,4.955948,5.04126644544692
"AGRINTESA2018","AZ. AGR. SAME","Fondo SAME 2024","T0","T0 alto",1718834400,4.955948,NULL
"AGRINTESA2018","AZ. AGR. SAME","Fondo SAME 2024","T0","T0 basso",1718834400,4.955948,5.35053254441283
"AGRINTESA2018","AZ. AGR. SAME","Fondo SAME 2024","T1","T1 alto",1718834400,4.955948,4.30835404532682
"AGRINTESA2018","AZ. AGR. SAME","Fondo SAME 2024","T1","T1 basso",1718920800,4.955948,4.51237021480878
"AGRINTESA2018","AZ. AGR. SAME","Fondo SAME 2024","T0","T0 alto",1718920800,4.955948,NULL
"AGRINTESA2018","AZ. AGR. SAME","Fondo SAME 2024","T1","T1 alto",1718920800,4.955948,4.14563585035347
"AGRINTESA2018","AZ. AGR. SAME","Fondo SAME 2024","T0","T0 basso",1718920800,4.955948,5.32195938493364
"AGRINTESA2018","AZ. AGR. SAME","Fondo SAME 2024","T0","T0 alto",1719007200,4.955948,NULL
"AGRINTESA2018","AZ. AGR. SAME","Fondo SAME 2024","T1","T1 basso",1719007200,4.955948,4.43848720169277
"AGRINTESA2018","AZ. AGR. SAME","Fondo SAME 2024","T1","T1 alto",1719007200,4.955948,4.60182645635926
"AGRINTESA2018","AZ. AGR. SAME","Fondo SAME 2024","T0","T0 basso",1719007200,4.955948,5.28364429368236
"AGRINTESA2018","AZ. AGR. SAME","Fondo SAME 2024","T1","T1 basso",1719093600,4.955948,4.81194256204765
"AGRINTESA2018","AZ. AGR. SAME","Fondo SAME 2024","T0","T0 alto",1719093600,4.955948,NULL
"AGRINTESA2018","AZ. AGR. SAME","Fondo SAME 2024","T1","T1 alto",1719093600,4.955948,NULL
"AGRINTESA2018","AZ. AGR. SAME","Fondo SAME 2024","T0","T0 basso",1719093600,4.955948,5.29998232531566
"AGRINTESA2018","AZ. AGR. SAME","Fondo SAME 2024","T1","T1 basso",1719180000,4.955948,4.97920679701878
"AGRINTESA2018","AZ. AGR. SAME","Fondo SAME 2024","T0","T0 basso",1719180000,4.955948,5.26210755276067
"AGRINTESA2018","AZ. AGR. SAME","Fondo SAME 2024","T0","T0 alto",1719180000,4.955948,NULL
"AGRINTESA2018","AZ. AGR. SAME","Fondo SAME 2024","T1","T1 alto",1719180000,4.955948,4.25931961505301
"AGRINTESA2018","AZ. AGR. SAME","Fondo SAME 2024","T0","T0 alto",1719266400,4.955948,NULL
"AGRINTESA2018","AZ. AGR. SAME","Fondo SAME 2024","T1","T1 basso",1719266400,4.955948,4.47429668969505
"AGRINTESA2018","AZ. AGR. SAME","Fondo SAME 2024","T0","T0 basso",1719266400,4.955948,5.23002459096166
"AGRINTESA2018","AZ. AGR. SAME","Fondo SAME 2024","T1","T1 alto",1719266400,4.955948,4.26569812679506
"AGRINTESA2018","AZ. AGR. SAME","Fondo SAME 2024","T0","T0 basso",1719352800,4.955948,5.1928019964896
"AGRINTESA2018","AZ. AGR. SAME","Fondo SAME 2024","T0","T0 alto",1719352800,4.955948,5.42287052822866
"AGRINTESA2018","AZ. AGR. SAME","Fondo SAME 2024","T1","T1 basso",1719352800,4.955948,4.48080666388327
"AGRINTESA2018","AZ. AGR. SAME","Fondo SAME 2024","T1","T1 alto",1719352800,4.955948,4.30425939494248
"AGRINTESA2018","AZ. AGR. SAME","Fondo SAME 2024","T1","T1 basso",1719439200,4.955948,4.03391690220822
"AGRINTESA2018","AZ. AGR. SAME","Fondo SAME 2024","T0","T0 alto",1719439200,4.955948,5.35410944119891
"AGRINTESA2018","AZ. AGR. SAME","Fondo SAME 2024","T1","T1 alto",1719439200,4.955948,4.09097196154318
"AGRINTESA2018","AZ. AGR. SAME","Fondo SAME 2024","T0","T0 basso",1719439200,4.955948,5.14929151947957
"AGRINTESA2018","AZ. AGR. SAME","Fondo SAME 2024","T1","T1 alto",1719525600,4.955948,4.01548597310185
"AGRINTESA2018","AZ. AGR. SAME","Fondo SAME 2024","T0","T0 alto",1719525600,4.955948,5.41852440032536
"AGRINTESA2018","AZ. AGR. SAME","Fondo SAME 2024","T0","T0 basso",1719525600,4.955948,5.17219129533923
"AGRINTESA2018","AZ. AGR. SAME","Fondo SAME 2024","T1","T1 basso",1719525600,4.955948,4.05776254122446
"AGRINTESA2018","AZ. AGR. SAME","Fondo SAME 2024","T0","T0 basso",1719612000,4.955948,5.21517954447376
"AGRINTESA2018","AZ. AGR. SAME","Fondo SAME 2024","T1","T1 alto",1719612000,4.955948,NULL
"AGRINTESA2018","AZ. AGR. SAME","Fondo SAME 2024","T0","T0 alto",1719612000,4.955948,5.41752453849783
"AGRINTESA2018","AZ. AGR. SAME","Fondo SAME 2024","T1","T1 basso",1719612000,4.955948,4.25047800012977
"AGRINTESA2018","AZ. AGR. SAME","Fondo SAME 2024","T1","T1 alto",1719698400,4.955948,4.19538762386777
"AGRINTESA2018","AZ. AGR. SAME","Fondo SAME 2024","T0","T0 alto",1719698400,4.955948,5.41901821669072
"AGRINTESA2018","AZ. AGR. SAME","Fondo SAME 2024","T1","T1 basso",1719698400,4.955948,4.6711167680714
"AGRINTESA2018","AZ. AGR. SAME","Fondo SAME 2024","T0","T0 basso",1719698400,4.955948,5.25428578769515
"AGRINTESA2018","AZ. AGR. SAME","Fondo SAME 2024","T1","T1 basso",1719784800,4.955948,5.27586411221209
"AGRINTESA2018","AZ. AGR. SAME","Fondo SAME 2024","T0","T0 alto",1719784800,4.955948,5.42815537429644
"AGRINTESA2018","AZ. AGR. SAME","Fondo SAME 2024","T1","T1 alto",1719784800,4.955948,4.69546619004336
"AGRINTESA2018","AZ. AGR. SAME","Fondo SAME 2024","T0","T0 basso",1719784800,4.955948,5.30519589763124
"AGRINTESA2018","AZ. AGR. SAME","Fondo SAME 2024","T0","T0 basso",1719871200,4.955948,5.31382415136189
"AGRINTESA2018","AZ. AGR. SAME","Fondo SAME 2024","T0","T0 alto",1719871200,4.955948,5.42633217133468
"AGRINTESA2018","AZ. AGR. SAME","Fondo SAME 2024","T1","T1 alto",1719871200,4.955948,4.37332665415919
"AGRINTESA2018","AZ. AGR. SAME","Fondo SAME 2024","T1","T1 basso",1719871200,4.955948,4.8963695580725
"AGRINTESA2018","AZ. AGR. SAME","Fondo SAME 2024","T0","T0 basso",1719957600,4.955948,5.32824939842593
"AGRINTESA2018","AZ. AGR. SAME","Fondo SAME 2024","T1","T1 basso",1719957600,4.955948,4.8067199391266
"AGRINTESA2018","AZ. AGR. SAME","Fondo SAME 2024","T1","T1 alto",1719957600,4.955948,4.3535366383409
"AGRINTESA2018","AZ. AGR. SAME","Fondo SAME 2024","T0","T0 alto",1719957600,4.955948,5.42892381188213
"AGRINTESA2018","AZ. AGR. SAME","Fondo SAME 2024","T1","T1 alto",1720044000,4.695466,NULL
"AGRINTESA2018","AZ. AGR. SAME","Fondo SAME 2024","T0","T0 alto",1720044000,4.695466,5.42329443415529
"AGRINTESA2018","AZ. AGR. SAME","Fondo SAME 2024","T1","T1 basso",1720044000,4.805428,4.63847223256134
"AGRINTESA2018","AZ. AGR. SAME","Fondo SAME 2024","T0","T0 basso",1720044000,4.805428,5.29843759064718
"AGRINTESA2018","AZ. AGR. SAME","Fondo SAME 2024","T0","T0 basso",1720130400,4.805428,5.26743596638685
"AGRINTESA2018","AZ. AGR. SAME","Fondo SAME 2024","T0","T0 alto",1720130400,4.695466,5.42826097345469
"AGRINTESA2018","AZ. AGR. SAME","Fondo SAME 2024","T1","T1 basso",1720130400,4.805428,4.77135687159348
"AGRINTESA2018","AZ. AGR. SAME","Fondo SAME 2024","T1","T1 alto",1720130400,4.695466,4.31044569872709
"AGRINTESA2018","AZ. AGR. SAME","Fondo SAME 2024","T1","T1 basso",1720216800,4.805428,5.15845797613903
"AGRINTESA2018","AZ. AGR. SAME","Fondo SAME 2024","T1","T1 alto",1720216800,4.695466,4.53649441874214
"AGRINTESA2018","AZ. AGR. SAME","Fondo SAME 2024","T0","T0 alto",1720216800,4.695466,5.43548376191498
"AGRINTESA2018","AZ. AGR. SAME","Fondo SAME 2024","T0","T0 basso",1720216800,4.805428,5.10460299904664
"AGRINTESA2018","AZ. AGR. SAME","Fondo SAME 2024","T1","T1 alto",1720303200,4.695466,4.94989511014588
"AGRINTESA2018","AZ. AGR. SAME","Fondo SAME 2024","T0","T0 basso",1720303200,4.805428,5.14191225959719
"AGRINTESA2018","AZ. AGR. SAME","Fondo SAME 2024","T1","T1 basso",1720303200,4.805428,4.94469676861422
"AGRINTESA2018","AZ. AGR. SAME","Fondo SAME 2024","T0","T0 alto",1720303200,4.695466,5.43920691881345
"AGRINTESA2018","AZ. AGR. SAME","Fondo SAME 2024","T1","T1 alto",1720389600,4.695466,NULL
"AGRINTESA2018","AZ. AGR. SAME","Fondo SAME 2024","T0","T0 basso",1720389600,4.805428,5.14149092087458
"AGRINTESA2018","AZ. AGR. SAME","Fondo SAME 2024","T0","T0 alto",1720389600,4.695466,5.43452755427401
"AGRINTESA2018","AZ. AGR. SAME","Fondo SAME 2024","T1","T1 basso",1720389600,4.805428,5.4555851932
"AGRINTESA2018","AZ. AGR. SAME","Fondo SAME 2024","T0","T0 basso",1720476000,4.805428,5.24815409895885
"AGRINTESA2018","AZ. AGR. SAME","Fondo SAME 2024","T0","T0 alto",1720476000,4.695466,5.43921289677592
"AGRINTESA2018","AZ. AGR. SAME","Fondo SAME 2024","T1","T1 alto",1720476000,4.695466,4.31915317928603
"AGRINTESA2018","AZ. AGR. SAME","Fondo SAME 2024","T1","T1 basso",1720476000,4.805428,4.83742120877294
"AGRINTESA2018","AZ. AGR. SAME","Fondo SAME 2024","T1","T1 basso",1720562400,4.805428,5.16641393598797
"AGRINTESA2018","AZ. AGR. SAME","Fondo SAME 2024","T1","T1 alto",1720562400,4.695466,4.78364075912457
"AGRINTESA2018","AZ. AGR. SAME","Fondo SAME 2024","T0","T0 basso",1720562400,4.805428,5.20595764769879
"AGRINTESA2018","AZ. AGR. SAME","Fondo SAME 2024","T0","T0 alto",1720562400,4.695466,5.44180981279588
"AGRINTESA2018","AZ. AGR. SAME","Fondo SAME 2024","T0","T0 alto",1720648800,4.695466,5.44437981078149
"AGRINTESA2018","AZ. AGR. SAME","Fondo SAME 2024","T1","T1 basso",1720648800,4.805428,5.1111793640708
"AGRINTESA2018","AZ. AGR. SAME","Fondo SAME 2024","T0","T0 basso",1720648800,4.805428,5.39161104050902
"AGRINTESA2018","AZ. AGR. SAME","Fondo SAME 2024","T1","T1 alto",1720648800,4.695466,4.99105061445959
"AGRINTESA2018","AZ. AGR. SAME","Fondo SAME 2024","T1","T1 basso",1720735200,4.805428,4.82693630606778
"AGRINTESA2018","AZ. AGR. SAME","Fondo SAME 2024","T1","T1 alto",1720735200,4.695466,5.27235389749313
"AGRINTESA2018","AZ. AGR. SAME","Fondo SAME 2024","T0","T0 basso",1720735200,4.805428,5.44086769943336
"AGRINTESA2018","AZ. AGR. SAME","Fondo SAME 2024","T0","T0 alto",1720735200,4.695466,5.45025887987573
"AGRINTESA2018","AZ. AGR. SAME","Fondo SAME 2024","T1","T1 alto",1720821600,4.695466,5.35773113560938
"AGRINTESA2018","AZ. AGR. SAME","Fondo SAME 2024","T0","T0 basso",1720821600,4.805428,5.63929262731722
"AGRINTESA2018","AZ. AGR. SAME","Fondo SAME 2024","T1","T1 basso",1720821600,4.805428,4.85466666853706
"AGRINTESA2018","AZ. AGR. SAME","Fondo SAME 2024","T0","T0 alto",1720821600,4.695466,5.45531713387711
"AGRINTESA2018","AZ. AGR. SAME","Fondo SAME 2024","T1","T1 alto",1720908000,4.695466,5.39461204407951
"AGRINTESA2018","AZ. AGR. SAME","Fondo SAME 2024","T0","T0 basso",1720908000,4.805428,5.62554953799623
"AGRINTESA2018","AZ. AGR. SAME","Fondo SAME 2024","T1","T1 basso",1720908000,4.805428,4.84196172079031
"AGRINTESA2018","AZ. AGR. SAME","Fondo SAME 2024","T0","T0 alto",1720908000,4.695466,5.45743173583155
"AGRINTESA2018","AZ. AGR. SAME","Fondo SAME 2024","T1","T1 basso",1720994400,4.805428,4.90431451037007
"AGRINTESA2018","AZ. AGR. SAME","Fondo SAME 2024","T0","T0 basso",1720994400,4.805428,5.67837946809881
"AGRINTESA2018","AZ. AGR. SAME","Fondo SAME 2024","T1","T1 alto",1720994400,4.695466,5.38368543970584
"AGRINTESA2018","AZ. AGR. SAME","Fondo SAME 2024","T0","T0 alto",1720994400,4.695466,5.46015862239369
"AGRINTESA2018","AZ. AGR. SAME","Fondo SAME 2024","T1","T1 alto",1721080800,4.695466,5.37305221986134
"AGRINTESA2018","AZ. AGR. SAME","Fondo SAME 2024","T0","T0 alto",1721080800,4.695466,5.46276859794102
"AGRINTESA2018","AZ. AGR. SAME","Fondo SAME 2024","T0","T0 basso",1721080800,4.805428,5.68916551681431
"AGRINTESA2018","AZ. AGR. SAME","Fondo SAME 2024","T1","T1 basso",1721080800,4.805428,4.83119060448259
"AGRINTESA2018","AZ. AGR. SAME","Fondo SAME 2024","T1","T1 basso",1721167200,4.805428,4.79687866562617
"AGRINTESA2018","AZ. AGR. SAME","Fondo SAME 2024","T0","T0 basso",1721167200,4.805428,5.68892282570641
"AGRINTESA2018","AZ. AGR. SAME","Fondo SAME 2024","T0","T0 alto",1721167200,4.695466,5.46879884865407
"AGRINTESA2018","AZ. AGR. SAME","Fondo SAME 2024","T1","T1 alto",1721167200,4.695466,4.15807578744252
"AGRINTESA2018","AZ. AGR. SAME","Fondo SAME 2024","T0","T0 basso",1721253600,4.805428,5.67102435812779
"AGRINTESA2018","AZ. AGR. SAME","Fondo SAME 2024","T1","T1 alto",1721253600,4.695466,NULL
"AGRINTESA2018","AZ. AGR. SAME","Fondo SAME 2024","T0","T0 alto",1721253600,4.695466,5.47337443623123
"AGRINTESA2018","AZ. AGR. SAME","Fondo SAME 2024","T1","T1 basso",1721253600,4.805428,4.87028201362174
"AGRINTESA2018","AZ. AGR. SAME","Fondo SAME 2024","T0","T0 basso",1721340000,4.805428,5.65663087160472
"AGRINTESA2018","AZ. AGR. SAME","Fondo SAME 2024","T0","T0 alto",1721340000,4.695466,5.49578863966325
"AGRINTESA2018","AZ. AGR. SAME","Fondo SAME 2024","T1","T1 basso",1721340000,4.805428,4.99069996469506
"AGRINTESA2018","AZ. AGR. SAME","Fondo SAME 2024","T1","T1 alto",1721340000,4.695466,4.16743815520968
"AGRINTESA2018","AZ. AGR. SAME","Fondo SAME 2024","T1","T1 alto",1721426400,4.695466,4.10579675752927
"AGRINTESA2018","AZ. AGR. SAME","Fondo SAME 2024","T1","T1 basso",1721426400,4.805428,4.98973933459875
"AGRINTESA2018","AZ. AGR. SAME","Fondo SAME 2024","T0","T0 alto",1721426400,4.695466,5.51369314320089
"AGRINTESA2018","AZ. AGR. SAME","Fondo SAME 2024","T0","T0 basso",1721426400,4.805428,5.61481405313498
"AGRINTESA2018","AZ. AGR. SAME","Fondo SAME 2024","T0","T0 alto",1721512800,4.695466,5.50699318172625
"AGRINTESA2018","AZ. AGR. SAME","Fondo SAME 2024","T0","T0 basso",1721512800,4.805428,5.49560177981371
"AGRINTESA2018","AZ. AGR. SAME","Fondo SAME 2024","T1","T1 basso",1721512800,4.805428,5.19860274108231
"AGRINTESA2018","AZ. AGR. SAME","Fondo SAME 2024","T1","T1 alto",1721512800,4.695466,4.60529291314679
"AGRINTESA2018","AZ. AGR. SAME","Fondo SAME 2024","T1","T1 basso",1721599200,4.805428,5.20784402762309
"AGRINTESA2018","AZ. AGR. SAME","Fondo SAME 2024","T1","T1 alto",1721599200,4.695466,4.3128344300873
"AGRINTESA2018","AZ. AGR. SAME","Fondo SAME 2024","T0","T0 basso",1721599200,4.805428,5.53498072958751
"AGRINTESA2018","AZ. AGR. SAME","Fondo SAME 2024","T0","T0 alto",1721599200,4.695466,5.4922176439963
"AGRINTESA2018","AZ. AGR. SAME","Fondo SAME 2024","T0","T0 alto",1721685600,4.695466,5.48304774324325
"AGRINTESA2018","AZ. AGR. SAME","Fondo SAME 2024","T0","T0 basso",1721685600,4.805428,5.55939187294405
"AGRINTESA2018","AZ. AGR. SAME","Fondo SAME 2024","T1","T1 alto",1721685600,4.695466,4.2046188315256
"AGRINTESA2018","AZ. AGR. SAME","Fondo SAME 2024","T1","T1 basso",1721685600,4.805428,5.19253431449109
"AGRINTESA2018","AZ. AGR. SAME","Fondo SAME 2024","T1","T1 basso",1721772000,4.805428,5.20478094363672
"AGRINTESA2018","AZ. AGR. SAME","Fondo SAME 2024","T0","T0 alto",1721772000,4.695466,5.40235519167845
"AGRINTESA2018","AZ. AGR. SAME","Fondo SAME 2024","T0","T0 basso",1721772000,4.805428,5.6206249113391
"AGRINTESA2018","AZ. AGR. SAME","Fondo SAME 2024","T1","T1 alto",1721772000,4.695466,4.22166839481931
"AGRINTESA2018","AZ. AGR. SAME","Fondo SAME 2024","T1","T1 basso",1721858400,4.805428,5.26594440758523
"AGRINTESA2018","AZ. AGR. SAME","Fondo SAME 2024","T0","T0 alto",1721858400,4.695466,5.47207388835097
"AGRINTESA2018","AZ. AGR. SAME","Fondo SAME 2024","T1","T1 alto",1721858400,4.695466,4.64573291788875
"AGRINTESA2018","AZ. AGR. SAME","Fondo SAME 2024","T0","T0 basso",1721858400,4.805428,5.57606845240223
"AGRINTESA2018","AZ. AGR. SAME","Fondo SAME 2024","T0","T0 alto",1721944800,4.695466,5.47454243198783
"AGRINTESA2018","AZ. AGR. SAME","Fondo SAME 2024","T1","T1 alto",1721944800,4.695466,4.25906135786336
"AGRINTESA2018","AZ. AGR. SAME","Fondo SAME 2024","T1","T1 basso",1721944800,4.805428,4.91575755978815
"AGRINTESA2018","AZ. AGR. SAME","Fondo SAME 2024","T0","T0 basso",1721944800,4.805428,5.56875980396555
"AGRINTESA2018","AZ. AGR. SAME","Fondo SAME 2024","T1","T1 basso",1722031200,4.805428,5.45254769010996
"AGRINTESA2018","AZ. AGR. SAME","Fondo SAME 2024","T0","T0 basso",1722031200,4.805428,5.54572145365053
"AGRINTESA2018","AZ. AGR. SAME","Fondo SAME 2024","T1","T1 alto",1722031200,4.695466,4.8618247141513
"AGRINTESA2018","AZ. AGR. SAME","Fondo SAME 2024","T0","T0 alto",1722031200,4.695466,5.38997265772961
"AGRINTESA2018","AZ. AGR. SAME","Fondo SAME 2024","T1","T1 basso",1722117600,4.805428,4.97463588202027
"AGRINTESA2018","AZ. AGR. SAME","Fondo SAME 2024","T0","T0 alto",1722117600,4.695466,5.42033579087282
"AGRINTESA2018","AZ. AGR. SAME","Fondo SAME 2024","T0","T0 basso",1722117600,4.805428,5.50237916993897
"AGRINTESA2018","AZ. AGR. SAME","Fondo SAME 2024","T1","T1 alto",1722117600,4.695466,4.40588947187736
"AGRINTESA2018","AZ. AGR. SAME","Fondo SAME 2024","T0","T0 basso",1722204000,4.805428,5.49912557727373
"AGRINTESA2018","AZ. AGR. SAME","Fondo SAME 2024","T1","T1 alto",1722204000,4.695466,5.05671328301304
"AGRINTESA2018","AZ. AGR. SAME","Fondo SAME 2024","T0","T0 alto",1722204000,4.695466,5.40903473437672
"AGRINTESA2018","AZ. AGR. SAME","Fondo SAME 2024","T1","T1 basso",1722204000,4.805428,5.58875698950264
"AGRINTESA2018","AZ. AGR. SAME","Fondo SAME 2024","T0","T0 basso",1722290400,4.805428,NULL
"AGRINTESA2018","AZ. AGR. SAME","Fondo SAME 2024","T1","T1 alto",1722290400,4.695466,NULL
"AGRINTESA2018","AZ. AGR. SAME","Fondo SAME 2024","T1","T1 basso",1722290400,4.805428,NULL
"AGRINTESA2018","AZ. AGR. SAME","Fondo SAME 2024","T0","T0 alto",1722290400,4.695466,NULL
"AGRINTESA2018","AZ. AGR. SAME","Fondo SAME 2024","T0","T0 alto",1722376800,4.695466,5.46017873157309
"AGRINTESA2018","AZ. AGR. SAME","Fondo SAME 2024","T1","T1 alto",1722376800,4.695466,4.74830696053702
"AGRINTESA2018","AZ. AGR. SAME","Fondo SAME 2024","T1","T1 basso",1722376800,4.805428,5.40735477034593
"AGRINTESA2018","AZ. AGR. SAME","Fondo SAME 2024","T0","T0 basso",1722376800,4.805428,5.49158244437854
"AGRINTESA2018","AZ. AGR. SAME","Fondo SAME 2024","T0","T0 alto",1722463200,4.695466,5.46515997878025
"AGRINTESA2018","AZ. AGR. SAME","Fondo SAME 2024","T0","T0 basso",1722463200,4.805428,5.54373476605759
"AGRINTESA2018","AZ. AGR. SAME","Fondo SAME 2024","T1","T1 alto",1722463200,4.695466,5.00770018667204
"AGRINTESA2018","AZ. AGR. SAME","Fondo SAME 2024","T1","T1 basso",1722463200,4.805428,5.47034167290021
"AGRINTESA2018","AZ. AGR. SAME","Fondo SAME 2024","T0","T0 alto",1722549600,4.695466,5.47761916912765
"AGRINTESA2018","AZ. AGR. SAME","Fondo SAME 2024","T0","T0 basso",1722549600,4.805428,5.61098756194662
"AGRINTESA2018","AZ. AGR. SAME","Fondo SAME 2024","T1","T1 alto",1722549600,4.695466,5.40832584823852
"AGRINTESA2018","AZ. AGR. SAME","Fondo SAME 2024","T1","T1 basso",1722549600,4.805428,5.47447944474053
"AGRINTESA2018","AZ. AGR. SAME","Fondo SAME 2024","T0","T0 basso",1722636000,4.805428,5.57976289294987
"AGRINTESA2018","AZ. AGR. SAME","Fondo SAME 2024","T1","T1 basso",1722636000,4.805428,5.25602643107722
"AGRINTESA2018","AZ. AGR. SAME","Fondo SAME 2024","T0","T0 alto",1722636000,4.695466,5.48136998505577
"AGRINTESA2018","AZ. AGR. SAME","Fondo SAME 2024","T1","T1 alto",1722636000,4.695466,4.83495152258223
"AGRINTESA2018","AZ. AGR. SAME","Fondo SAME 2024","T1","T1 basso",1722722400,4.805428,5.17314870528471
"AGRINTESA2018","AZ. AGR. SAME","Fondo SAME 2024","T0","T0 basso",1722722400,4.805428,5.29589114389323
"AGRINTESA2018","AZ. AGR. SAME","Fondo SAME 2024","T1","T1 alto",1722722400,4.695466,4.53342823357399
"AGRINTESA2018","AZ. AGR. SAME","Fondo SAME 2024","T0","T0 alto",1722722400,4.695466,5.4103030306911
"AGRINTESA2018","AZ. AGR. SAME","Fondo SAME 2024","T0","T0 basso",1722808800,4.805428,5.22200688049935
"AGRINTESA2018","AZ. AGR. SAME","Fondo SAME 2024","T1","T1 basso",1722808800,4.805428,5.62493069145881
"AGRINTESA2018","AZ. AGR. SAME","Fondo SAME 2024","T1","T1 alto",1722808800,4.695466,5.22278906506889
"AGRINTESA2018","AZ. AGR. SAME","Fondo SAME 2024","T0","T0 alto",1722808800,4.695466,5.42925263705269
"AGRINTESA2018","AZ. AGR. SAME","Fondo SAME 2024","T1","T1 basso",1722895200,4.805428,5.42854268469307
"AGRINTESA2018","AZ. AGR. SAME","Fondo SAME 2024","T0","T0 alto",1722895200,4.695466,5.38215941103621
"AGRINTESA2018","AZ. AGR. SAME","Fondo SAME 2024","T0","T0 basso",1722895200,4.805428,5.1885965034985
"AGRINTESA2018","AZ. AGR. SAME","Fondo SAME 2024","T1","T1 alto",1722895200,4.695466,4.43062652881729
"AGRINTESA2018","AZ. AGR. SAME","Fondo SAME 2024","T1","T1 alto",1722981600,4.695466,4.85228227922942
"AGRINTESA2018","AZ. AGR. SAME","Fondo SAME 2024","T0","T0 alto",1722981600,4.695466,5.40034364721067
"AGRINTESA2018","AZ. AGR. SAME","Fondo SAME 2024","T1","T1 basso",1722981600,4.805428,5.52013460841808
"AGRINTESA2018","AZ. AGR. SAME","Fondo SAME 2024","T0","T0 basso",1722981600,4.805428,5.13574312576944
"AGRINTESA2018","AZ. AGR. SAME","Fondo SAME 2024","T0","T0 alto",1723068000,4.695466,5.04722236188967
"AGRINTESA2018","AZ. AGR. SAME","Fondo SAME 2024","T1","T1 basso",1723068000,4.805428,5.25423962943694
"AGRINTESA2018","AZ. AGR. SAME","Fondo SAME 2024","T1","T1 alto",1723068000,4.695466,4.67001914487137
"AGRINTESA2018","AZ. AGR. SAME","Fondo SAME 2024","T0","T0 basso",1723068000,4.805428,5.08990527397826
"AGRINTESA2018","AZ. AGR. SAME","Fondo SAME 2024","T1","T1 basso",1723154400,4.805428,5.42847993315226
"AGRINTESA2018","AZ. AGR. SAME","Fondo SAME 2024","T0","T0 alto",1723154400,4.695466,5.01229210110467
"AGRINTESA2018","AZ. AGR. SAME","Fondo SAME 2024","T1","T1 alto",1723154400,4.695466,4.76901372648474
"AGRINTESA2018","AZ. AGR. SAME","Fondo SAME 2024","T0","T0 basso",1723154400,4.805428,5.03643662263506
"AGRINTESA2018","AZ. AGR. SAME","Fondo SAME 2024","T1","T1 alto",1723240800,4.695466,4.89948127423138
"AGRINTESA2018","AZ. AGR. SAME","Fondo SAME 2024","T0","T0 alto",1723240800,4.695466,5.1030403037805
"AGRINTESA2018","AZ. AGR. SAME","Fondo SAME 2024","T0","T0 basso",1723240800,4.805428,5.06643745501095
"AGRINTESA2018","AZ. AGR. SAME","Fondo SAME 2024","T1","T1 basso",1723240800,4.805428,5.54292322758819
"AGRINTESA2018","AZ. AGR. SAME","Fondo SAME 2024","T1","T1 alto",1723327200,4.695466,5.3574670204508
"AGRINTESA2018","AZ. AGR. SAME","Fondo SAME 2024","T0","T0 basso",1723327200,4.805428,5.1543395124384
"AGRINTESA2018","AZ. AGR. SAME","Fondo SAME 2024","T1","T1 basso",1723327200,4.805428,5.68835643095801
"AGRINTESA2018","AZ. AGR. SAME","Fondo SAME 2024","T0","T0 alto",1723327200,4.695466,5.31797119969856
"AGRINTESA2018","AZ. AGR. SAME","Fondo SAME 2024","T1","T1 basso",1723413600,4.805428,5.687059885144
"AGRINTESA2018","AZ. AGR. SAME","Fondo SAME 2024","T1","T1 alto",1723413600,4.695466,5.49995006247158
"AGRINTESA2018","AZ. AGR. SAME","Fondo SAME 2024","T0","T0 basso",1723413600,4.805428,5.26952664722368
"AGRINTESA2018","AZ. AGR. SAME","Fondo SAME 2024","T0","T0 alto",1723413600,4.695466,5.47475886381602
"AGRINTESA2018","AZ. AGR. SAME","Fondo SAME 2024","T0","T0 alto",1723500000,4.695466,5.53859688861249
"AGRINTESA2018","AZ. AGR. SAME","Fondo SAME 2024","T1","T1 basso",1723500000,4.805428,5.67187044714323
"AGRINTESA2018","AZ. AGR. SAME","Fondo SAME 2024","T1","T1 alto",1723500000,4.695466,4.86248015776825
"AGRINTESA2018","AZ. AGR. SAME","Fondo SAME 2024","T0","T0 basso",1723500000,4.805428,5.40451384929004
"AGRINTESA2018","AZ. AGR. SAME","Fondo SAME 2024","T0","T0 alto",1723586400,4.695466,5.55940762432481
"AGRINTESA2018","AZ. AGR. SAME","Fondo SAME 2024","T1","T1 alto",1723586400,4.695466,5.01124109580852
"AGRINTESA2018","AZ. AGR. SAME","Fondo SAME 2024","T1","T1 basso",1723586400,4.805428,5.68696443925395
"AGRINTESA2018","AZ. AGR. SAME","Fondo SAME 2024","T0","T0 basso",1723586400,4.805428,5.49330167121323
"AGRINTESA2018","AZ. AGR. SAME","Fondo SAME 2024","T1","T1 basso",1723672800,4.805428,5.68239215340529
"AGRINTESA2018","AZ. AGR. SAME","Fondo SAME 2024","T1","T1 alto",1723672800,4.695466,5.28101647478421
"AGRINTESA2018","AZ. AGR. SAME","Fondo SAME 2024","T0","T0 basso",1723672800,4.805428,5.60361771297467
"AGRINTESA2018","AZ. AGR. SAME","Fondo SAME 2024","T0","T0 alto",1723672800,4.695466,5.56649702320024
"AGRINTESA2018","AZ. AGR. SAME","Fondo SAME 2024","T1","T1 alto",1723759200,4.695466,4.82968982465916
"AGRINTESA2018","AZ. AGR. SAME","Fondo SAME 2024","T0","T0 basso",1723759200,4.805428,5.66815900878512
"AGRINTESA2018","AZ. AGR. SAME","Fondo SAME 2024","T0","T0 alto",1723759200,4.695466,5.56072445814191
"AGRINTESA2018","AZ. AGR. SAME","Fondo SAME 2024","T1","T1 basso",1723759200,4.805428,5.66530578815054
"AGRINTESA2018","AZ. AGR. SAME","Fondo SAME 2024","T1","T1 basso",1723845600,4.805428,5.6554954095207
"AGRINTESA2018","AZ. AGR. SAME","Fondo SAME 2024","T0","T0 alto",1723845600,4.695466,5.58277925895826
"AGRINTESA2018","AZ. AGR. SAME","Fondo SAME 2024","T0","T0 basso",1723845600,4.805428,5.68442457833712
"AGRINTESA2018","AZ. AGR. SAME","Fondo SAME 2024","T1","T1 alto",1723845600,4.695466,4.80947502381373
"AGRINTESA2018","AZ. AGR. SAME","Fondo SAME 2024","T1","T1 basso",1723932000,4.805428,5.63231261757484
"AGRINTESA2018","AZ. AGR. SAME","Fondo SAME 2024","T1","T1 alto",1723932000,4.695466,4.82206514170335
"AGRINTESA2018","AZ. AGR. SAME","Fondo SAME 2024","T0","T0 basso",1723932000,4.805428,5.63327471541285
"AGRINTESA2018","AZ. AGR. SAME","Fondo SAME 2024","T0","T0 alto",1723932000,4.695466,5.50501060477528
"AGRINTESA2018","AZ. AGR. SAME","Fondo SAME 2024","T1","T1 basso",1724018400,4.805428,5.44418729456317
"AGRINTESA2018","AZ. AGR. SAME","Fondo SAME 2024","T0","T0 alto",1724018400,4.695466,NULL
"AGRINTESA2018","AZ. AGR. SAME","Fondo SAME 2024","T1","T1 alto",1724018400,4.695466,5.36543102960391
"AGRINTESA2018","AZ. AGR. SAME","Fondo SAME 2024","T0","T0 basso",1724018400,4.805428,5.38726433342224
"AGRINTESA2018","AZ. AGR. SAME","Fondo SAME 2024","T0","T0 basso",1724104800,4.805428,5.20373233870468
"AGRINTESA2018","AZ. AGR. SAME","Fondo SAME 2024","T1","T1 alto",1724104800,4.695466,4.78546200751593
"AGRINTESA2018","AZ. AGR. SAME","Fondo SAME 2024","T1","T1 basso",1724104800,4.805428,5.53803416372167
"AGRINTESA2018","AZ. AGR. SAME","Fondo SAME 2024","T0","T0 alto",1724104800,4.695466,5.35426222660941
"AGRINTESA2018","AZ. AGR. SAME","Fondo SAME 2024","T0","T0 alto",1724191200,4.695466,5.34782311353038
"AGRINTESA2018","AZ. AGR. SAME","Fondo SAME 2024","T1","T1 basso",1724191200,4.805428,5.52722812606366
"AGRINTESA2018","AZ. AGR. SAME","Fondo SAME 2024","T1","T1 alto",1724191200,4.695466,4.85513580881407
"AGRINTESA2018","AZ. AGR. SAME","Fondo SAME 2024","T0","T0 basso",1724191200,4.805428,4.93997457149374
"AGRINTESA2018","AZ. AGR. SAME","Fondo SAME 2024","T1","T1 basso",1724277600,4.805428,5.62875224068139
"AGRINTESA2018","AZ. AGR. SAME","Fondo SAME 2024","T1","T1 alto",1724277600,4.695466,5.26407994267923
"AGRINTESA2018","AZ. AGR. SAME","Fondo SAME 2024","T0","T0 alto",1724277600,4.695466,5.34376913437312
"AGRINTESA2018","AZ. AGR. SAME","Fondo SAME 2024","T0","T0 basso",1724277600,4.805428,4.86909035621453
"AGRINTESA2018","AZ. AGR. SAME","Fondo SAME 2024","T1","T1 alto",1724364000,4.695466,5.19361619641358
"AGRINTESA2018","AZ. AGR. SAME","Fondo SAME 2024","T0","T0 basso",1724364000,4.805428,4.91009526300085
"AGRINTESA2018","AZ. AGR. SAME","Fondo SAME 2024","T1","T1 basso",1724364000,4.805428,5.57490996569995
"AGRINTESA2018","AZ. AGR. SAME","Fondo SAME 2024","T0","T0 alto",1724364000,4.695466,5.3425401268836
"AGRINTESA2018","AZ. AGR. SAME","Fondo SAME 2024","T0","T0 basso",1724450400,4.805428,4.8617071747997
"AGRINTESA2018","AZ. AGR. SAME","Fondo SAME 2024","T1","T1 basso",1724450400,4.805428,5.5527422695942
"AGRINTESA2018","AZ. AGR. SAME","Fondo SAME 2024","T1","T1 alto",1724450400,4.695466,4.81022780504596
"AGRINTESA2018","AZ. AGR. SAME","Fondo SAME 2024","T0","T0 alto",1724450400,4.695466,5.4003557053851
"AGRINTESA2018","AZ. AGR. SAME","Fondo SAME 2024","T0","T0 alto",1724536800,4.695466,5.42349666952084
"AGRINTESA2018","AZ. AGR. SAME","Fondo SAME 2024","T1","T1 basso",1724536800,4.805428,5.69269692050869
"AGRINTESA2018","AZ. AGR. SAME","Fondo SAME 2024","T0","T0 basso",1724536800,4.805428,4.893547104973
"AGRINTESA2018","AZ. AGR. SAME","Fondo SAME 2024","T1","T1 alto",1724536800,4.695466,5.3014569714415
"AGRINTESA2018","AZ. AGR. SAME","Fondo SAME 2024","T1","T1 basso",1724623200,4.805428,5.70378247465622
"AGRINTESA2018","AZ. AGR. SAME","Fondo SAME 2024","T0","T0 alto",1724623200,4.695466,5.50592907407648
"AGRINTESA2018","AZ. AGR. SAME","Fondo SAME 2024","T0","T0 basso",1724623200,4.805428,4.98249478224357
"AGRINTESA2018","AZ. AGR. SAME","Fondo SAME 2024","T1","T1 alto",1724623200,4.695466,5.59618782834936
"AGRINTESA2018","AZ. AGR. SAME","Fondo SAME 2024","T0","T0 alto",1724709600,4.695466,5.55462709656001
"AGRINTESA2018","AZ. AGR. SAME","Fondo SAME 2024","T1","T1 alto",1724709600,4.695466,4.93210832328562
"AGRINTESA2018","AZ. AGR. SAME","Fondo SAME 2024","T0","T0 basso",1724709600,4.805428,4.9423080143194
"AGRINTESA2018","AZ. AGR. SAME","Fondo SAME 2024","T1","T1 basso",1724709600,4.805428,5.68012389285436
"AGRINTESA2018","AZ. AGR. SAME","Fondo SAME 2024","T0","T0 basso",1724796000,4.805428,5.38726433342224
"AGRINTESA2018","AZ. AGR. SAME","Fondo SAME 2024","T1","T1 basso",1724796000,4.805428,5.44418729456317
"AGRINTESA2018","AZ. AGR. SAME","Fondo SAME 2024","T1","T1 alto",1724796000,4.695466,5.36543102960391
"AGRINTESA2018","AZ. AGR. SAME","Fondo SAME 2024","T0","T0 alto",1724796000,4.695466,NULL
"AGRINTESA2018","AZ. AGR. SAME","Fondo SAME 2024","T0","T0 basso",1724882400,4.805428,5.38726433342224
"AGRINTESA2018","AZ. AGR. SAME","Fondo SAME 2024","T0","T0 alto",1724882400,4.695466,NULL
"AGRINTESA2018","AZ. AGR. SAME","Fondo SAME 2024","T1","T1 basso",1724882400,4.805428,5.44418729456317
"AGRINTESA2018","AZ. AGR. SAME","Fondo SAME 2024","T1","T1 alto",1724882400,4.695466,5.36543102960391
"AGRINTESA2018","AZ. AGR. SAME","Fondo SAME 2024","T1","T1 alto",1724968800,4.695466,5.36543102960391
"AGRINTESA2018","AZ. AGR. SAME","Fondo SAME 2024","T1","T1 basso",1724968800,4.805428,5.44418729456317
"AGRINTESA2018","AZ. AGR. SAME","Fondo SAME 2024","T0","T0 alto",1724968800,4.695466,NULL
"AGRINTESA2018","AZ. AGR. SAME","Fondo SAME 2024","T0","T0 basso",1724968800,4.805428,5.38726433342224
"AGRINTESA2018","AZ. AGR. SAME","Fondo SAME 2024","T1","T1 basso",1725055200,4.805428,5.44418729456317
"AGRINTESA2018","AZ. AGR. SAME","Fondo SAME 2024","T0","T0 alto",1725055200,4.695466,NULL
"AGRINTESA2018","AZ. AGR. SAME","Fondo SAME 2024","T1","T1 alto",1725055200,4.695466,5.36543102960391
"AGRINTESA2018","AZ. AGR. SAME","Fondo SAME 2024","T0","T0 basso",1725055200,4.805428,5.38726433342224
"AGRINTESA2018","AZ. AGR. SAME","Fondo SAME 2024","T0","T0 basso",1725141600,4.805428,5.38726433342224
"AGRINTESA2018","AZ. AGR. SAME","Fondo SAME 2024","T1","T1 basso",1725141600,4.805428,5.44418729456317
"AGRINTESA2018","AZ. AGR. SAME","Fondo SAME 2024","T0","T0 alto",1725141600,4.695466,NULL
"AGRINTESA2018","AZ. AGR. SAME","Fondo SAME 2024","T1","T1 alto",1725141600,4.695466,5.36543102960391
"AGRINTESA2018","AZ. AGR. SAME","Fondo SAME 2024","T1","T1 alto",1725228000,4.695466,5.36543102960391
"AGRINTESA2018","AZ. AGR. SAME","Fondo SAME 2024","T1","T1 basso",1725228000,4.805428,5.44418729456317
"AGRINTESA2018","AZ. AGR. SAME","Fondo SAME 2024","T0","T0 basso",1725228000,4.805428,5.38726433342224
"AGRINTESA2018","AZ. AGR. SAME","Fondo SAME 2024","T0","T0 alto",1725228000,4.695466,NULL
"AGRINTESA2018","AZ. AGR. SAME","Fondo SAME 2024","T0","T0 basso",1725314400,4.805428,5.38726433342224
"AGRINTESA2018","AZ. AGR. SAME","Fondo SAME 2024","T1","T1 alto",1725314400,4.695466,5.36543102960391
"AGRINTESA2018","AZ. AGR. SAME","Fondo SAME 2024","T1","T1 basso",1725314400,4.805428,5.44418729456317
"AGRINTESA2018","AZ. AGR. SAME","Fondo SAME 2024","T0","T0 alto",1725314400,4.695466,NULL
"AGRINTESA2018","AZ. AGR. SAME","Fondo SAME 2024","T0","T0 basso",1725400800,4.805428,5.38726433342224
"AGRINTESA2018","AZ. AGR. SAME","Fondo SAME 2024","T1","T1 alto",1725400800,4.695466,5.36543102960391
"AGRINTESA2018","AZ. AGR. SAME","Fondo SAME 2024","T1","T1 basso",1725400800,4.805428,5.44418729456317
"AGRINTESA2018","AZ. AGR. SAME","Fondo SAME 2024","T0","T0 alto",1725400800,4.695466,NULL
"AGRINTESA2018","AZ. AGR. SAME","Fondo SAME 2024","T1","T1 alto",1725487200,4.695466,5.36543102960391
"AGRINTESA2018","AZ. AGR. SAME","Fondo SAME 2024","T0","T0 basso",1725487200,4.805428,5.38726433342224
"AGRINTESA2018","AZ. AGR. SAME","Fondo SAME 2024","T1","T1 basso",1725487200,4.805428,5.44418729456317
"AGRINTESA2018","AZ. AGR. SAME","Fondo SAME 2024","T0","T0 alto",1725487200,4.695466,NULL
"AGRINTESA2018","AZ. AGR. SAME","Fondo SAME 2024","T0","T0 basso",1725573600,4.805428,5.38726433342224
"AGRINTESA2018","AZ. AGR. SAME","Fondo SAME 2024","T1","T1 basso",1725573600,4.805428,5.44418729456317
"AGRINTESA2018","AZ. AGR. SAME","Fondo SAME 2024","T0","T0 alto",1725573600,4.695466,NULL
"AGRINTESA2018","AZ. AGR. SAME","Fondo SAME 2024","T1","T1 alto",1725573600,4.695466,5.36543102960391
"AGRINTESA2018","AZ. AGR. SAME","Fondo SAME 2024","T1","T1 basso",1725660000,4.805428,5.44418729456317
"AGRINTESA2018","AZ. AGR. SAME","Fondo SAME 2024","T0","T0 alto",1725660000,4.695466,NULL
"AGRINTESA2018","AZ. AGR. SAME","Fondo SAME 2024","T0","T0 basso",1725660000,4.805428,5.38726433342224
"AGRINTESA2018","AZ. AGR. SAME","Fondo SAME 2024","T1","T1 alto",1725660000,4.695466,5.36543102960391
"AGRINTESA2018","AZ. AGR. SAME","Fondo SAME 2024","T1","T1 alto",1725746400,4.695466,5.36543102960391
"AGRINTESA2018","AZ. AGR. SAME","Fondo SAME 2024","T1","T1 basso",1725746400,4.805428,5.44418729456317
"AGRINTESA2018","AZ. AGR. SAME","Fondo SAME 2024","T0","T0 alto",1725746400,4.695466,NULL
"AGRINTESA2018","AZ. AGR. SAME","Fondo SAME 2024","T0","T0 basso",1725746400,4.805428,5.38726433342224
"AGRINTESA2018","AZ. AGR. SAME","Fondo SAME 2024","T0","T0 alto",1725832800,4.695466,NULL
"AGRINTESA2018","AZ. AGR. SAME","Fondo SAME 2024","T1","T1 basso",1725832800,4.805428,5.44418729456317
"AGRINTESA2018","AZ. AGR. SAME","Fondo SAME 2024","T1","T1 alto",1725832800,4.695466,5.36543102960391
"AGRINTESA2018","AZ. AGR. SAME","Fondo SAME 2024","T0","T0 basso",1725832800,4.805428,5.38726433342223
"AGRINTESA2018","AZ. AGR. SAME","Fondo SAME 2024","T1","T1 alto",1725919200,4.695466,5.36543102960391
"AGRINTESA2018","AZ. AGR. SAME","Fondo SAME 2024","T0","T0 alto",1725919200,4.695466,NULL
"AGRINTESA2018","AZ. AGR. SAME","Fondo SAME 2024","T0","T0 basso",1725919200,4.805428,5.38726433342223
"AGRINTESA2018","AZ. AGR. SAME","Fondo SAME 2024","T1","T1 basso",1725919200,4.805428,5.44418729456317
"AGRINTESA2018","AZ. AGR. SAME","Fondo SAME 2024","T1","T1 alto",1726005600,4.695466,5.36543102960391
"AGRINTESA2018","AZ. AGR. SAME","Fondo SAME 2024","T0","T0 basso",1726005600,4.805428,5.38726433342224
"AGRINTESA2018","AZ. AGR. SAME","Fondo SAME 2024","T0","T0 alto",1726005600,4.695466,NULL
"AGRINTESA2018","AZ. AGR. SAME","Fondo SAME 2024","T1","T1 basso",1726005600,4.805428,5.44418729456317
"AGRINTESA2018","AZ. AGR. SAME","Fondo SAME 2024","T1","T1 alto",1726092000,4.695466,5.36543102960391
"AGRINTESA2018","AZ. AGR. SAME","Fondo SAME 2024","T0","T0 alto",1726092000,4.695466,NULL
"AGRINTESA2018","AZ. AGR. SAME","Fondo SAME 2024","T0","T0 basso",1726092000,4.805428,5.38726433342223
"AGRINTESA2018","AZ. AGR. SAME","Fondo SAME 2024","T1","T1 basso",1726092000,4.805428,5.44418729456317
"AGRINTESA2018","AZ. AGR. SAME","Fondo SAME 2024","T1","T1 alto",1726178400,4.695466,5.36543102960391
"AGRINTESA2018","AZ. AGR. SAME","Fondo SAME 2024","T0","T0 alto",1726178400,4.695466,NULL
"AGRINTESA2018","AZ. AGR. SAME","Fondo SAME 2024","T1","T1 basso",1726178400,4.805428,5.44418729456317
"AGRINTESA2018","AZ. AGR. SAME","Fondo SAME 2024","T0","T0 basso",1726178400,4.805428,5.38726433342223
"AGRINTESA2018","AZ. AGR. SAME","Fondo SAME 2024","T1","T1 alto",1726264800,4.695466,5.36543102960391
"AGRINTESA2018","AZ. AGR. SAME","Fondo SAME 2024","T0","T0 alto",1726264800,4.695466,NULL
"AGRINTESA2018","AZ. AGR. SAME","Fondo SAME 2024","T1","T1 basso",1726264800,4.805428,5.44418729456317
"AGRINTESA2018","AZ. AGR. SAME","Fondo SAME 2024","T0","T0 basso",1726264800,4.805428,5.38726433342223
"AGRINTESA2018","AZ. AGR. SAME","Fondo SAME 2024","T1","T1 basso",1726351200,4.805428,5.44418729456317
"AGRINTESA2018","AZ. AGR. SAME","Fondo SAME 2024","T1","T1 alto",1726351200,4.695466,5.36543102960391
"AGRINTESA2018","AZ. AGR. SAME","Fondo SAME 2024","T0","T0 basso",1726351200,4.805428,5.38726433342224
"AGRINTESA2018","AZ. AGR. SAME","Fondo SAME 2024","T0","T0 alto",1726351200,4.695466,NULL
"AGRINTESA2018","AZ. AGR. SAME","Fondo SAME 2024","T1","T1 alto",1726437600,4.695466,5.36543102960391
"AGRINTESA2018","AZ. AGR. SAME","Fondo SAME 2024","T0","T0 basso",1726437600,4.805428,5.38726433342224
"AGRINTESA2018","AZ. AGR. SAME","Fondo SAME 2024","T1","T1 basso",1726437600,4.805428,5.44418729456317
"AGRINTESA2018","AZ. AGR. SAME","Fondo SAME 2024","T0","T0 alto",1726437600,4.695466,NULL
"AGRINTESA2018","AZ. AGR. SAME","Fondo SAME 2024","T0","T0 basso",1726524000,4.805428,5.38726433342224
"AGRINTESA2018","AZ. AGR. SAME","Fondo SAME 2024","T0","T0 alto",1726524000,4.695466,NULL
"AGRINTESA2018","AZ. AGR. SAME","Fondo SAME 2024","T1","T1 alto",1726524000,4.695466,5.36543102960391
"AGRINTESA2018","AZ. AGR. SAME","Fondo SAME 2024","T1","T1 basso",1726524000,4.805428,5.44418729456317
"AGRINTESA2018","AZ. AGR. SAME","Fondo SAME 2024","T0","T0 basso",1726610400,4.805428,5.38726433342224
"AGRINTESA2018","AZ. AGR. SAME","Fondo SAME 2024","T1","T1 basso",1726610400,4.805428,5.44418729456317
"AGRINTESA2018","AZ. AGR. SAME","Fondo SAME 2024","T1","T1 alto",1726610400,4.695466,5.36543102960391
"AGRINTESA2018","AZ. AGR. SAME","Fondo SAME 2024","T0","T0 alto",1726610400,4.695466,NULL
"AGRINTESA2018","AZ. AGR. SAME","Fondo SAME 2024","T1","T1 alto",1726696800,4.695466,5.36543102960391
"AGRINTESA2018","AZ. AGR. SAME","Fondo SAME 2024","T0","T0 basso",1726696800,4.805428,5.38726433342223
"AGRINTESA2018","AZ. AGR. SAME","Fondo SAME 2024","T0","T0 alto",1726696800,4.695466,NULL
"AGRINTESA2018","AZ. AGR. SAME","Fondo SAME 2024","T1","T1 basso",1726696800,4.805428,5.44418729456317
"AGRINTESA2018","AZ. AGR. SAME","Fondo SAME 2024","T0","T0 basso",1726783200,4.805428,5.38726433342224
"AGRINTESA2018","AZ. AGR. SAME","Fondo SAME 2024","T1","T1 basso",1726783200,4.805428,5.44418729456317
"AGRINTESA2018","AZ. AGR. SAME","Fondo SAME 2024","T0","T0 alto",1726783200,4.695466,NULL
"AGRINTESA2018","AZ. AGR. SAME","Fondo SAME 2024","T1","T1 alto",1726783200,4.695466,5.36543102960391
"AGRINTESA2018","AZ. AGR. SAME","Fondo SAME 2024","T1","T1 basso",1726869600,4.805428,5.44418729456317
"AGRINTESA2018","AZ. AGR. SAME","Fondo SAME 2024","T1","T1 alto",1726869600,4.695466,5.36543102960391
"AGRINTESA2018","AZ. AGR. SAME","Fondo SAME 2024","T0","T0 basso",1726869600,4.805428,5.38726433342224
"AGRINTESA2018","AZ. AGR. SAME","Fondo SAME 2024","T0","T0 alto",1726869600,4.695466,NULL
"AGRINTESA2018","AZ. AGR. SAME","Fondo SAME 2024","T1","T1 basso",1726956000,4.805428,5.44418729456317
"AGRINTESA2018","AZ. AGR. SAME","Fondo SAME 2024","T1","T1 alto",1726956000,4.695466,5.36543102960391
"AGRINTESA2018","AZ. AGR. SAME","Fondo SAME 2024","T0","T0 alto",1726956000,4.695466,NULL
"AGRINTESA2018","AZ. AGR. SAME","Fondo SAME 2024","T0","T0 basso",1726956000,4.805428,5.38726433342224
"AGRINTESA2018","AZ. AGR. SAME","Fondo SAME 2024","T1","T1 alto",1727042400,4.695466,5.36543102960391
"AGRINTESA2018","AZ. AGR. SAME","Fondo SAME 2024","T1","T1 basso",1727042400,4.805428,5.44418729456317
"AGRINTESA2018","AZ. AGR. SAME","Fondo SAME 2024","T0","T0 alto",1727042400,4.695466,NULL
"AGRINTESA2018","AZ. AGR. SAME","Fondo SAME 2024","T0","T0 basso",1727042400,4.805428,5.38726433342223
"AGRINTESA2018","AZ. AGR. SAME","Fondo SAME 2024","T0","T0 basso",1727128800,4.805428,5.38726433342224
"AGRINTESA2018","AZ. AGR. SAME","Fondo SAME 2024","T1","T1 basso",1727128800,4.805428,5.44418729456317
"AGRINTESA2018","AZ. AGR. SAME","Fondo SAME 2024","T1","T1 alto",1727128800,4.695466,5.36543102960391
"AGRINTESA2018","AZ. AGR. SAME","Fondo SAME 2024","T0","T0 alto",1727128800,4.695466,NULL
"AGRINTESA2018","AZ. AGR. SAME","Fondo SAME 2024","T0","T0 basso",1727215200,4.805428,5.38726433342224
"AGRINTESA2018","AZ. AGR. SAME","Fondo SAME 2024","T1","T1 basso",1727215200,4.805428,5.44418729456317
"AGRINTESA2018","AZ. AGR. SAME","Fondo SAME 2024","T0","T0 alto",1727215200,4.695466,NULL
"AGRINTESA2018","AZ. AGR. SAME","Fondo SAME 2024","T1","T1 alto",1727215200,4.695466,5.36543102960391
"AGRINTESA2018","AZ. AGR. SAME","Fondo SAME 2024","T0","T0 basso",1727301600,4.805428,5.38726433342224
"AGRINTESA2018","AZ. AGR. SAME","Fondo SAME 2024","T1","T1 alto",1727301600,4.695466,5.36543102960391
"AGRINTESA2018","AZ. AGR. SAME","Fondo SAME 2024","T0","T0 alto",1727301600,4.695466,NULL
"AGRINTESA2018","AZ. AGR. SAME","Fondo SAME 2024","T1","T1 basso",1727301600,4.805428,5.44418729456317
"AGRINTESA2018","AZ. AGR. SAME","Fondo SAME 2024","T0","T0 alto",1727388000,4.695466,NULL
"AGRINTESA2018","AZ. AGR. SAME","Fondo SAME 2024","T1","T1 alto",1727388000,4.695466,5.36543102960391
"AGRINTESA2018","AZ. AGR. SAME","Fondo SAME 2024","T0","T0 basso",1727388000,4.805428,5.38726433342224
"AGRINTESA2018","AZ. AGR. SAME","Fondo SAME 2024","T1","T1 basso",1727388000,4.805428,5.44418729456317
"AGRINTESA2018","AZ. AGR. SAME","Fondo SAME 2024","T1","T1 alto",1727474400,4.695466,5.36543102960391
"AGRINTESA2018","AZ. AGR. SAME","Fondo SAME 2024","T0","T0 alto",1727474400,4.695466,NULL
"AGRINTESA2018","AZ. AGR. SAME","Fondo SAME 2024","T0","T0 basso",1727474400,4.805428,5.38726433342223
"AGRINTESA2018","AZ. AGR. SAME","Fondo SAME 2024","T1","T1 basso",1727474400,4.805428,5.44418729456317
"AGRINTESA2018","AZ. AGR. SAME","Fondo SAME 2024","T0","T0 alto",1727560800,4.695466,NULL
"AGRINTESA2018","AZ. AGR. SAME","Fondo SAME 2024","T0","T0 basso",1727560800,4.805428,5.38726433342223
"AGRINTESA2018","AZ. AGR. SAME","Fondo SAME 2024","T1","T1 basso",1727560800,4.805428,5.44418729456317
"AGRINTESA2018","AZ. AGR. SAME","Fondo SAME 2024","T1","T1 alto",1727560800,4.695466,5.36543102960391
"AGRINTESA2018","AZ. AGR. SAME","Fondo SAME 2024","T0","T0 basso",1727647200,4.805428,5.38726433342224
"AGRINTESA2018","AZ. AGR. SAME","Fondo SAME 2024","T1","T1 basso",1727647200,4.805428,5.44418729456317
"AGRINTESA2018","AZ. AGR. SAME","Fondo SAME 2024","T0","T0 alto",1727647200,4.695466,NULL
"AGRINTESA2018","AZ. AGR. SAME","Fondo SAME 2024","T1","T1 alto",1727647200,4.695466,5.36543102960391
"AGRINTESA2018","AZ. AGR. SAME","Fondo SAME 2024","T1","T1 alto",1727733600,4.695466,5.36543102960391
"AGRINTESA2018","AZ. AGR. SAME","Fondo SAME 2024","T0","T0 basso",1727733600,4.805428,5.38726433342223
"AGRINTESA2018","AZ. AGR. SAME","Fondo SAME 2024","T0","T0 alto",1727733600,4.695466,NULL
"AGRINTESA2018","AZ. AGR. SAME","Fondo SAME 2024","T1","T1 basso",1727733600,4.805428,5.44418729456317
"AGRINTESA2018","AZ. AGR. SAME","Fondo SAME 2024","T0","T0 basso",1727820000,4.805428,5.38726433342224
"AGRINTESA2018","AZ. AGR. SAME","Fondo SAME 2024","T0","T0 alto",1727820000,4.695466,NULL
"AGRINTESA2018","AZ. AGR. SAME","Fondo SAME 2024","T1","T1 basso",1727820000,4.805428,5.44418729456317
"AGRINTESA2018","AZ. AGR. SAME","Fondo SAME 2024","T1","T1 alto",1727820000,4.695466,5.36543102960391
"AGRINTESA2018","AZ. AGR. SAME","Fondo SAME 2024","T1","T1 alto",1727906400,4.695466,5.36543102960391
"AGRINTESA2018","AZ. AGR. SAME","Fondo SAME 2024","T0","T0 alto",1727906400,4.695466,NULL
"AGRINTESA2018","AZ. AGR. SAME","Fondo SAME 2024","T0","T0 basso",1727906400,4.805428,5.38726433342224
"AGRINTESA2018","AZ. AGR. SAME","Fondo SAME 2024","T1","T1 basso",1727906400,4.805428,5.44418729456317
"AGRINTESA2018","AZ. AGR. SAME","Fondo SAME 2024","T0","T0 basso",1727992800,4.805428,5.38726433342224
"AGRINTESA2018","AZ. AGR. SAME","Fondo SAME 2024","T1","T1 basso",1727992800,4.805428,5.44418729456317
"AGRINTESA2018","AZ. AGR. SAME","Fondo SAME 2024","T1","T1 alto",1727992800,4.695466,5.36543102960391
"AGRINTESA2018","AZ. AGR. SAME","Fondo SAME 2024","T0","T0 alto",1727992800,4.695466,NULL
